-- MySQL dump 10.13  Distrib 5.7.16, for Win64 (x86_64)
--
-- Host: localhost    Database: huanqiuyoulu
-- ------------------------------------------------------
-- Server version	5.7.16

/*!40101 SET @OLD_CHARACTER_SET_CLIENT=@@CHARACTER_SET_CLIENT */;
/*!40101 SET @OLD_CHARACTER_SET_RESULTS=@@CHARACTER_SET_RESULTS */;
/*!40101 SET @OLD_COLLATION_CONNECTION=@@COLLATION_CONNECTION */;
/*!40101 SET NAMES utf8 */;
/*!40103 SET @OLD_TIME_ZONE=@@TIME_ZONE */;
/*!40103 SET TIME_ZONE='+00:00' */;
/*!40014 SET @OLD_UNIQUE_CHECKS=@@UNIQUE_CHECKS, UNIQUE_CHECKS=0 */;
/*!40014 SET @OLD_FOREIGN_KEY_CHECKS=@@FOREIGN_KEY_CHECKS, FOREIGN_KEY_CHECKS=0 */;
/*!40101 SET @OLD_SQL_MODE=@@SQL_MODE, SQL_MODE='NO_AUTO_VALUE_ON_ZERO' */;
/*!40111 SET @OLD_SQL_NOTES=@@SQL_NOTES, SQL_NOTES=0 */;

--
-- Table structure for table `admin`
--

DROP TABLE IF EXISTS `admin`;
/*!40101 SET @saved_cs_client     = @@character_set_client */;
/*!40101 SET character_set_client = utf8 */;
CREATE TABLE `admin` (
  `id` int(10) unsigned NOT NULL AUTO_INCREMENT,
  `email` varchar(45) DEFAULT NULL,
  `upwd` varchar(45) DEFAULT NULL,
  `upur` varchar(45) DEFAULT '1000000',
  PRIMARY KEY (`id`)
) ENGINE=InnoDB AUTO_INCREMENT=5 DEFAULT CHARSET=utf8 COMMENT='管理员';
/*!40101 SET character_set_client = @saved_cs_client */;

--
-- Dumping data for table `admin`
--

LOCK TABLES `admin` WRITE;
/*!40000 ALTER TABLE `admin` DISABLE KEYS */;
INSERT INTO `admin` VALUES (1,'admin@qq.com','21232f297a57a5a743894a0e4a801fc3','100000'),(3,'zth@qq.com','21232f297a57a5a743894a0e4a801fc3','100000'),(4,'123@qq.com','21232f297a57a5a743894a0e4a801fc3','100000');
/*!40000 ALTER TABLE `admin` ENABLE KEYS */;
UNLOCK TABLES;

--
-- Table structure for table `article`
--

DROP TABLE IF EXISTS `article`;
/*!40101 SET @saved_cs_client     = @@character_set_client */;
/*!40101 SET character_set_client = utf8 */;
CREATE TABLE `article` (
  `id` bigint(20) unsigned NOT NULL AUTO_INCREMENT,
  `title` varchar(100) NOT NULL,
  `keywords` varchar(85) DEFAULT NULL,
  `content` mediumtext NOT NULL,
  `pic` varchar(100) DEFAULT NULL,
  `visits` bigint(20) unsigned DEFAULT NULL COMMENT '访问次数',
  `ctime` datetime DEFAULT NULL,
  `channel_id` int(10) unsigned DEFAULT NULL COMMENT '栏目id',
  `city_id` int(10) unsigned DEFAULT NULL COMMENT '国家id',
  `level` int(10) unsigned DEFAULT '9',
  PRIMARY KEY (`id`)
) ENGINE=InnoDB AUTO_INCREMENT=18 DEFAULT CHARSET=utf8 COMMENT='图文资讯';
/*!40101 SET character_set_client = @saved_cs_client */;

--
-- Dumping data for table `article`
--

LOCK TABLES `article` WRITE;
/*!40000 ALTER TABLE `article` DISABLE KEYS */;
INSERT INTO `article` VALUES (5,'柔柔最美丽','标签，标签','<p style=\"text-align:center;\">\r\n	柔柔最美丽\r\n</p>\r\n<p style=\"text-align:center;\">\r\n	柔柔最美丽\r\n</p>','http://localhost:80/ups/20190529/20190529849.jpg',0,'2019-05-26 17:29:10',3,7,9),(6,'西湖的水，我的泪','标签，标签','<p style=\"text-align:center;\">\r\n	<img src=\"http://localhost:80/ups/20190526/2019052621.png\" alt=\"\" /> \r\n</p>\r\n<p style=\"text-align:center;\">\r\n	西湖的水，我的泪\r\n</p>','http://localhost:80/ups/20190529/20190529739.jpg',0,'2019-05-26 17:40:49',1,7,9),(7,'德克萨斯州地产值不值得投资，过来了解一下','标签，标签','<p>\r\n	美国德克萨斯州，一直以来都是美国畜牧业重地。这里不仅盛产彪悍的牛仔，\r\n</p>\r\n<p>\r\n	更盛产奶牛、良驹，肥沃的土壤赋予了这里丰富的牧草资源，<img src=\"http://localhost/kindeditor/plugins/emoticons/images/2.gif\" border=\"0\" alt=\"\" />\r\n</p>\r\n<p>\r\n	也让有心的牧场主有机会从种植里找到大量商机。\r\n</p>','http://localhost:80/ups/20190529/20190529641.jpg',0,'2019-05-29 17:46:36',3,7,4),(8,'南京的雨不停的下不停的下','标签，标签','<div style=\"text-align:center;\">\r\n	鲜花盛开在风里， <br />\r\n	<p>\r\n		远山映在蓝天里，\r\n	</p>\r\n	<div style=\"text-align:center;\">\r\n		<img src=\"http://localhost:80/ups/20190530/20190530362.jpg\" alt=\"\" width=\"512\" height=\"235\" title=\"\" align=\"\" /><br />\r\n	</div>\r\n	<p>\r\n		观沧海 乌云破开，\r\n	</p>\r\n今霄宁静在心里， <br />\r\n五色云霞在梦里， <br />\r\n我的爱为为你等待<br />\r\n<br />\r\n</div>','http://localhost:80/ups/20190529/20190529916.jpg',0,'2019-05-29 17:55:33',3,7,3),(9,'购房定金和订金，到底哪个能退？','标签，标签','每个人在选到自己心仪的房源后，或多或少都会遇到需要交定金/订金的情况，但是在没有拿到房子的情况；或是交了定金，后来又由于某种原因想推掉，但是楼盘那边又说规定<br />\r\n<p>\r\n	退不了钱，为什么定金不能退？此时，就需要购房者谨慎、细致，分清定金和订金有什么区别？定金为何意？ &emsp;&emsp;\r\n</p>\r\n<p>\r\n	<img src=\"http://localhost:80/ups/20190530/20190530980.jpg\" alt=\"\" />\r\n</p>\r\n定金，又称作为保证金，是在合同订立或在履行合同之前支付的一定数额的金钱作为担保的担保方式。&nbsp; &emsp;&emsp;<br />\r\n1、定金款项是不退还的。不过当定金交纳的数额超过合同标的额度的20%，简单说就是索要超额定金时，你是可以直接提出异议，当场回绝的！ &emsp;&emsp;<br />\r\n2、定金也是有法律效应的。如：当事人可以约定一方向对方付定金作为债权的担保；债务人履行债务后，定金应该抵作价款或者收回；给付定金的一方不履行约定的债务的，<br />\r\n无权要求返还定金；收受定金的一方不履行约定债务的，应当双倍返还定金。 &emsp;&emsp;<br />\r\n订金为何意？ &emsp;&emsp;订金又称预付款。初步达成协议后，双方进一步协商签订临时认购协议，买房支付订金即取得在此期间的优先购买权。 &emsp;<br />\r\n&emsp;1、与定金不同，这个订金是可退的。在签订认购协议签要约定所选房号、面积、房屋单价、总价款、交房期限。&nbsp;<br />\r\n&emsp;&emsp;2、订金不具担保债的履行作用，不具有法律效应。所以在合同还未得以履行的情况下，不论是给付一方当事人违约，还是接受方违约，预付款都要原数返还。<br />\r\n定金和订金有什么区别： &emsp;&emsp;简单来说，定金是一种法定的担保形式，作为合同履行的金钱担保普遍存在于买卖合同关系中，<br />\r\n在《合同法》、《担保法》及其司法解释中均有明文规定，有着严格的法定条件： &emsp;&emsp;1、定金必需以书面形式进行约定； &emsp;&emsp;<br />\r\n2、定金必须实际完成了交付； &emsp;&emsp;3、定金数额不得超过合同标的总额的20％。 &emsp;&emsp;而“订金”不具有定金的性质，它通常是在购房者与卖家就房屋买卖初步达成意向后，<br />\r\n准备进一步协商签订的临时认购协议。同时，订金没有直接的法律规定，司法实践中一般被视为预付款，如果出现违约情形，并不会发生直接被没收或需要双倍返还的法律后果，<br />\r\n适用不了“定金罚则”，而是得根据实际情况及各方当事人的过错来让违约方承担违约责任。 &emsp;&emsp;那么，了解了定金与订金的区别之后，购房者在与开发商或者中介进行交易的时<br />\r\n候应该擦亮眼睛多留个心眼： &emsp;&emsp;1、不要着急与开发商或者中介签订认购协议书，不要先交定金，要双方达成一致协定，再签订商品房买卖合同； &emsp;&emsp;2、将“定金”写成“保证金”、<br />\r\n“订金”、“预付款”、“诚意金”等，一旦房屋合同签不成所有款项能退回。 &emsp;定金在什么情况下会返还? &emsp;&emsp;根据中华人民共和国《商品房销售管理办法》<br />\r\n第22条规定：不符合商品房销售条件的，开发商不得销售商品房也不得收取任何预订款性质的费用。因此，如果购房客户在商品房不符合销售条件的情况下交纳了“定金”，<br />\r\n那么向开发商要求无条件退还也是有法律依据的。相反如果开发商出售的房子符合相关出售条件，如不愿购房，则“定金”将不能退款。 &emsp;<br />\r\n&emsp;1、由于开发商方面的原因，购房者在约定的期限内无法取得产权证，如果有这样的退房条件就可以要求退房。 &emsp;<br />\r\n&emsp;2、开发商证件不全：开发商必须证件齐全才能盖楼卖房，如果开发商证件不全就属于违规操作，与买房人签订的合同就自然无效 &emsp;<br />\r\n&emsp;3、面积误差超过3%：如果交房时房屋的实测面积与签约时住房的暂测面积比误差超过3%，则购房者可要求退房。 &emsp;&emsp;<br />\r\n4、开发商未经购房者同意擅自变更房屋的户型、朝向、面积等有关设计，购房人可以根据合同要求退房。 &emsp;&emsp;<br />\r\n5、因不归责于当事人双方的原因而导致的按揭合同不能办理，办理不下按揭贷款的可要求退房。&nbsp;<br />\r\n&emsp;&emsp;6、延迟交房：开发商超过3个月不能交房，购房者就可要求退房并返还双倍定金。 &emsp;<br />\r\n&emsp;7、卖方将认购房屋转手他人或将已抵押房屋卖给购房者，卖方违约，应双倍返还定金。 &emsp;&emsp;（注：以上内容仅供参考，具体详情请咨询相关人员）<br />\r\n&nbsp;关注品房阁官方微信，提供楼市快讯，掌握海南房地产动向，浏览海南各大房产动态，尽享楼市优惠信息。品房阁，致力打造海南购房置业平台。<br />','http://localhost:80/ups/20190530/20190530274.jpg',0,'2019-05-30 16:01:04',3,13,4),(10,'购房定金和订金，到底哪个能退？','标签，标签','每个人在选到自己心仪的房源后，或多或少都会遇到需要交定金/订金的情况，但是在没有拿到房子的情况；或是交了定金，后来又由于某种原因想推掉，但是楼盘那边又说规定<br />\r\n<p>\r\n	退不了钱，为什么定金不能退？此时，就需要购房者谨慎、细致，分清定金和订金有什么区别？定金为何意？ &emsp;&emsp;\r\n</p>\r\n<p>\r\n	<img src=\"http://localhost:80/ups/20190530/20190530980.jpg\" alt=\"\" />\r\n</p>\r\n定金，又称作为保证金，是在合同订立或在履行合同之前支付的一定数额的金钱作为担保的担保方式。&nbsp; &emsp;&emsp;<br />\r\n1、定金款项是不退还的。不过当定金交纳的数额超过合同标的额度的20%，简单说就是索要超额定金时，你是可以直接提出异议，当场回绝的！ &emsp;&emsp;<br />\r\n2、定金也是有法律效应的。如：当事人可以约定一方向对方付定金作为债权的担保；债务人履行债务后，定金应该抵作价款或者收回；给付定金的一方不履行约定的债务的，<br />\r\n无权要求返还定金；收受定金的一方不履行约定债务的，应当双倍返还定金。 &emsp;&emsp;<br />\r\n订金为何意？ &emsp;&emsp;订金又称预付款。初步达成协议后，双方进一步协商签订临时认购协议，买房支付订金即取得在此期间的优先购买权。 &emsp;<br />\r\n&emsp;1、与定金不同，这个订金是可退的。在签订认购协议签要约定所选房号、面积、房屋单价、总价款、交房期限。&nbsp;<br />\r\n&emsp;&emsp;2、订金不具担保债的履行作用，不具有法律效应。所以在合同还未得以履行的情况下，不论是给付一方当事人违约，还是接受方违约，预付款都要原数返还。<br />\r\n定金和订金有什么区别： &emsp;&emsp;简单来说，定金是一种法定的担保形式，作为合同履行的金钱担保普遍存在于买卖合同关系中，<br />\r\n在《合同法》、《担保法》及其司法解释中均有明文规定，有着严格的法定条件： &emsp;&emsp;1、定金必需以书面形式进行约定； &emsp;&emsp;<br />\r\n2、定金必须实际完成了交付； &emsp;&emsp;3、定金数额不得超过合同标的总额的20％。 &emsp;&emsp;而“订金”不具有定金的性质，它通常是在购房者与卖家就房屋买卖初步达成意向后，<br />\r\n准备进一步协商签订的临时认购协议。同时，订金没有直接的法律规定，司法实践中一般被视为预付款，如果出现违约情形，并不会发生直接被没收或需要双倍返还的法律后果，<br />\r\n适用不了“定金罚则”，而是得根据实际情况及各方当事人的过错来让违约方承担违约责任。 &emsp;&emsp;那么，了解了定金与订金的区别之后，购房者在与开发商或者中介进行交易的时<br />\r\n候应该擦亮眼睛多留个心眼： &emsp;&emsp;1、不要着急与开发商或者中介签订认购协议书，不要先交定金，要双方达成一致协定，再签订商品房买卖合同； &emsp;&emsp;2、将“定金”写成“保证金”、<br />\r\n“订金”、“预付款”、“诚意金”等，一旦房屋合同签不成所有款项能退回。 &emsp;定金在什么情况下会返还? &emsp;&emsp;根据中华人民共和国《商品房销售管理办法》<br />\r\n第22条规定：不符合商品房销售条件的，开发商不得销售商品房也不得收取任何预订款性质的费用。因此，如果购房客户在商品房不符合销售条件的情况下交纳了“定金”，<br />\r\n那么向开发商要求无条件退还也是有法律依据的。相反如果开发商出售的房子符合相关出售条件，如不愿购房，则“定金”将不能退款。 &emsp;<br />\r\n&emsp;1、由于开发商方面的原因，购房者在约定的期限内无法取得产权证，如果有这样的退房条件就可以要求退房。 &emsp;<br />\r\n&emsp;2、开发商证件不全：开发商必须证件齐全才能盖楼卖房，如果开发商证件不全就属于违规操作，与买房人签订的合同就自然无效 &emsp;<br />\r\n&emsp;3、面积误差超过3%：如果交房时房屋的实测面积与签约时住房的暂测面积比误差超过3%，则购房者可要求退房。 &emsp;&emsp;<br />\r\n4、开发商未经购房者同意擅自变更房屋的户型、朝向、面积等有关设计，购房人可以根据合同要求退房。 &emsp;&emsp;<br />\r\n5、因不归责于当事人双方的原因而导致的按揭合同不能办理，办理不下按揭贷款的可要求退房。&nbsp;<br />\r\n&emsp;&emsp;6、延迟交房：开发商超过3个月不能交房，购房者就可要求退房并返还双倍定金。 &emsp;<br />\r\n&emsp;7、卖方将认购房屋转手他人或将已抵押房屋卖给购房者，卖方违约，应双倍返还定金。 &emsp;&emsp;（注：以上内容仅供参考，具体详情请咨询相关人员）<br />\r\n&nbsp;关注品房阁官方微信，提供楼市快讯，掌握海南房地产动向，浏览海南各大房产动态，尽享楼市优惠信息。品房阁，致力打造海南购房置业平台。<br />','http://localhost:80/ups/20190530/20190530274.jpg',0,'2019-05-30 16:01:04',3,13,4),(11,'购房定金和订金，到底哪个能退？','标签，标签','每个人在选到自己心仪的房源后，或多或少都会遇到需要交定金/订金的情况，但是在没有拿到房子的情况；或是交了定金，后来又由于某种原因想推掉，但是楼盘那边又说规定<br />\r\n<p>\r\n	退不了钱，为什么定金不能退？此时，就需要购房者谨慎、细致，分清定金和订金有什么区别？定金为何意？ &emsp;&emsp;\r\n</p>\r\n<p>\r\n	<img src=\"http://localhost:80/ups/20190530/20190530980.jpg\" alt=\"\" />\r\n</p>\r\n定金，又称作为保证金，是在合同订立或在履行合同之前支付的一定数额的金钱作为担保的担保方式。&nbsp; &emsp;&emsp;<br />\r\n1、定金款项是不退还的。不过当定金交纳的数额超过合同标的额度的20%，简单说就是索要超额定金时，你是可以直接提出异议，当场回绝的！ &emsp;&emsp;<br />\r\n2、定金也是有法律效应的。如：当事人可以约定一方向对方付定金作为债权的担保；债务人履行债务后，定金应该抵作价款或者收回；给付定金的一方不履行约定的债务的，<br />\r\n无权要求返还定金；收受定金的一方不履行约定债务的，应当双倍返还定金。 &emsp;&emsp;<br />\r\n订金为何意？ &emsp;&emsp;订金又称预付款。初步达成协议后，双方进一步协商签订临时认购协议，买房支付订金即取得在此期间的优先购买权。 &emsp;<br />\r\n&emsp;1、与定金不同，这个订金是可退的。在签订认购协议签要约定所选房号、面积、房屋单价、总价款、交房期限。&nbsp;<br />\r\n&emsp;&emsp;2、订金不具担保债的履行作用，不具有法律效应。所以在合同还未得以履行的情况下，不论是给付一方当事人违约，还是接受方违约，预付款都要原数返还。<br />\r\n定金和订金有什么区别： &emsp;&emsp;简单来说，定金是一种法定的担保形式，作为合同履行的金钱担保普遍存在于买卖合同关系中，<br />\r\n在《合同法》、《担保法》及其司法解释中均有明文规定，有着严格的法定条件： &emsp;&emsp;1、定金必需以书面形式进行约定； &emsp;&emsp;<br />\r\n2、定金必须实际完成了交付； &emsp;&emsp;3、定金数额不得超过合同标的总额的20％。 &emsp;&emsp;而“订金”不具有定金的性质，它通常是在购房者与卖家就房屋买卖初步达成意向后，<br />\r\n准备进一步协商签订的临时认购协议。同时，订金没有直接的法律规定，司法实践中一般被视为预付款，如果出现违约情形，并不会发生直接被没收或需要双倍返还的法律后果，<br />\r\n适用不了“定金罚则”，而是得根据实际情况及各方当事人的过错来让违约方承担违约责任。 &emsp;&emsp;那么，了解了定金与订金的区别之后，购房者在与开发商或者中介进行交易的时<br />\r\n候应该擦亮眼睛多留个心眼： &emsp;&emsp;1、不要着急与开发商或者中介签订认购协议书，不要先交定金，要双方达成一致协定，再签订商品房买卖合同； &emsp;&emsp;2、将“定金”写成“保证金”、<br />\r\n“订金”、“预付款”、“诚意金”等，一旦房屋合同签不成所有款项能退回。 &emsp;定金在什么情况下会返还? &emsp;&emsp;根据中华人民共和国《商品房销售管理办法》<br />\r\n第22条规定：不符合商品房销售条件的，开发商不得销售商品房也不得收取任何预订款性质的费用。因此，如果购房客户在商品房不符合销售条件的情况下交纳了“定金”，<br />\r\n那么向开发商要求无条件退还也是有法律依据的。相反如果开发商出售的房子符合相关出售条件，如不愿购房，则“定金”将不能退款。 &emsp;<br />\r\n&emsp;1、由于开发商方面的原因，购房者在约定的期限内无法取得产权证，如果有这样的退房条件就可以要求退房。 &emsp;<br />\r\n&emsp;2、开发商证件不全：开发商必须证件齐全才能盖楼卖房，如果开发商证件不全就属于违规操作，与买房人签订的合同就自然无效 &emsp;<br />\r\n&emsp;3、面积误差超过3%：如果交房时房屋的实测面积与签约时住房的暂测面积比误差超过3%，则购房者可要求退房。 &emsp;&emsp;<br />\r\n4、开发商未经购房者同意擅自变更房屋的户型、朝向、面积等有关设计，购房人可以根据合同要求退房。 &emsp;&emsp;<br />\r\n5、因不归责于当事人双方的原因而导致的按揭合同不能办理，办理不下按揭贷款的可要求退房。&nbsp;<br />\r\n&emsp;&emsp;6、延迟交房：开发商超过3个月不能交房，购房者就可要求退房并返还双倍定金。 &emsp;<br />\r\n&emsp;7、卖方将认购房屋转手他人或将已抵押房屋卖给购房者，卖方违约，应双倍返还定金。 &emsp;&emsp;（注：以上内容仅供参考，具体详情请咨询相关人员）<br />\r\n&nbsp;关注品房阁官方微信，提供楼市快讯，掌握海南房地产动向，浏览海南各大房产动态，尽享楼市优惠信息。品房阁，致力打造海南购房置业平台。<br />','http://localhost:80/ups/20190530/20190530274.jpg',0,'2019-05-30 16:01:04',3,13,4),(12,'购房定金和订金，到底哪个能退？','标签，标签','每个人在选到自己心仪的房源后，或多或少都会遇到需要交定金/订金的情况，但是在没有拿到房子的情况；或是交了定金，后来又由于某种原因想推掉，但是楼盘那边又说规定<br />\r\n<p>\r\n	退不了钱，为什么定金不能退？此时，就需要购房者谨慎、细致，分清定金和订金有什么区别？定金为何意？ &emsp;&emsp;\r\n</p>\r\n<p>\r\n	<img src=\"http://localhost:80/ups/20190530/20190530980.jpg\" alt=\"\" />\r\n</p>\r\n定金，又称作为保证金，是在合同订立或在履行合同之前支付的一定数额的金钱作为担保的担保方式。&nbsp; &emsp;&emsp;<br />\r\n1、定金款项是不退还的。不过当定金交纳的数额超过合同标的额度的20%，简单说就是索要超额定金时，你是可以直接提出异议，当场回绝的！ &emsp;&emsp;<br />\r\n2、定金也是有法律效应的。如：当事人可以约定一方向对方付定金作为债权的担保；债务人履行债务后，定金应该抵作价款或者收回；给付定金的一方不履行约定的债务的，<br />\r\n无权要求返还定金；收受定金的一方不履行约定债务的，应当双倍返还定金。 &emsp;&emsp;<br />\r\n订金为何意？ &emsp;&emsp;订金又称预付款。初步达成协议后，双方进一步协商签订临时认购协议，买房支付订金即取得在此期间的优先购买权。 &emsp;<br />\r\n&emsp;1、与定金不同，这个订金是可退的。在签订认购协议签要约定所选房号、面积、房屋单价、总价款、交房期限。&nbsp;<br />\r\n&emsp;&emsp;2、订金不具担保债的履行作用，不具有法律效应。所以在合同还未得以履行的情况下，不论是给付一方当事人违约，还是接受方违约，预付款都要原数返还。<br />\r\n定金和订金有什么区别： &emsp;&emsp;简单来说，定金是一种法定的担保形式，作为合同履行的金钱担保普遍存在于买卖合同关系中，<br />\r\n在《合同法》、《担保法》及其司法解释中均有明文规定，有着严格的法定条件： &emsp;&emsp;1、定金必需以书面形式进行约定； &emsp;&emsp;<br />\r\n2、定金必须实际完成了交付； &emsp;&emsp;3、定金数额不得超过合同标的总额的20％。 &emsp;&emsp;而“订金”不具有定金的性质，它通常是在购房者与卖家就房屋买卖初步达成意向后，<br />\r\n准备进一步协商签订的临时认购协议。同时，订金没有直接的法律规定，司法实践中一般被视为预付款，如果出现违约情形，并不会发生直接被没收或需要双倍返还的法律后果，<br />\r\n适用不了“定金罚则”，而是得根据实际情况及各方当事人的过错来让违约方承担违约责任。 &emsp;&emsp;那么，了解了定金与订金的区别之后，购房者在与开发商或者中介进行交易的时<br />\r\n候应该擦亮眼睛多留个心眼： &emsp;&emsp;1、不要着急与开发商或者中介签订认购协议书，不要先交定金，要双方达成一致协定，再签订商品房买卖合同； &emsp;&emsp;2、将“定金”写成“保证金”、<br />\r\n“订金”、“预付款”、“诚意金”等，一旦房屋合同签不成所有款项能退回。 &emsp;定金在什么情况下会返还? &emsp;&emsp;根据中华人民共和国《商品房销售管理办法》<br />\r\n第22条规定：不符合商品房销售条件的，开发商不得销售商品房也不得收取任何预订款性质的费用。因此，如果购房客户在商品房不符合销售条件的情况下交纳了“定金”，<br />\r\n那么向开发商要求无条件退还也是有法律依据的。相反如果开发商出售的房子符合相关出售条件，如不愿购房，则“定金”将不能退款。 &emsp;<br />\r\n&emsp;1、由于开发商方面的原因，购房者在约定的期限内无法取得产权证，如果有这样的退房条件就可以要求退房。 &emsp;<br />\r\n&emsp;2、开发商证件不全：开发商必须证件齐全才能盖楼卖房，如果开发商证件不全就属于违规操作，与买房人签订的合同就自然无效 &emsp;<br />\r\n&emsp;3、面积误差超过3%：如果交房时房屋的实测面积与签约时住房的暂测面积比误差超过3%，则购房者可要求退房。 &emsp;&emsp;<br />\r\n4、开发商未经购房者同意擅自变更房屋的户型、朝向、面积等有关设计，购房人可以根据合同要求退房。 &emsp;&emsp;<br />\r\n5、因不归责于当事人双方的原因而导致的按揭合同不能办理，办理不下按揭贷款的可要求退房。&nbsp;<br />\r\n&emsp;&emsp;6、延迟交房：开发商超过3个月不能交房，购房者就可要求退房并返还双倍定金。 &emsp;<br />\r\n&emsp;7、卖方将认购房屋转手他人或将已抵押房屋卖给购房者，卖方违约，应双倍返还定金。 &emsp;&emsp;（注：以上内容仅供参考，具体详情请咨询相关人员）<br />\r\n&nbsp;关注品房阁官方微信，提供楼市快讯，掌握海南房地产动向，浏览海南各大房产动态，尽享楼市优惠信息。品房阁，致力打造海南购房置业平台。<br />','http://localhost:80/ups/20190530/20190530274.jpg',0,'2019-05-30 16:01:04',3,13,4),(13,'购房定金和订金，到底哪个能退？','标签，标签','每个人在选到自己心仪的房源后，或多或少都会遇到需要交定金/订金的情况，但是在没有拿到房子的情况；或是交了定金，后来又由于某种原因想推掉，但是楼盘那边又说规定<br />\r\n<p>\r\n	退不了钱，为什么定金不能退？此时，就需要购房者谨慎、细致，分清定金和订金有什么区别？定金为何意？ &emsp;&emsp;\r\n</p>\r\n<p>\r\n	<img src=\"http://localhost:80/ups/20190530/20190530980.jpg\" alt=\"\" />\r\n</p>\r\n定金，又称作为保证金，是在合同订立或在履行合同之前支付的一定数额的金钱作为担保的担保方式。&nbsp; &emsp;&emsp;<br />\r\n1、定金款项是不退还的。不过当定金交纳的数额超过合同标的额度的20%，简单说就是索要超额定金时，你是可以直接提出异议，当场回绝的！ &emsp;&emsp;<br />\r\n2、定金也是有法律效应的。如：当事人可以约定一方向对方付定金作为债权的担保；债务人履行债务后，定金应该抵作价款或者收回；给付定金的一方不履行约定的债务的，<br />\r\n无权要求返还定金；收受定金的一方不履行约定债务的，应当双倍返还定金。 &emsp;&emsp;<br />\r\n订金为何意？ &emsp;&emsp;订金又称预付款。初步达成协议后，双方进一步协商签订临时认购协议，买房支付订金即取得在此期间的优先购买权。 &emsp;<br />\r\n&emsp;1、与定金不同，这个订金是可退的。在签订认购协议签要约定所选房号、面积、房屋单价、总价款、交房期限。&nbsp;<br />\r\n&emsp;&emsp;2、订金不具担保债的履行作用，不具有法律效应。所以在合同还未得以履行的情况下，不论是给付一方当事人违约，还是接受方违约，预付款都要原数返还。<br />\r\n定金和订金有什么区别： &emsp;&emsp;简单来说，定金是一种法定的担保形式，作为合同履行的金钱担保普遍存在于买卖合同关系中，<br />\r\n在《合同法》、《担保法》及其司法解释中均有明文规定，有着严格的法定条件： &emsp;&emsp;1、定金必需以书面形式进行约定； &emsp;&emsp;<br />\r\n2、定金必须实际完成了交付； &emsp;&emsp;3、定金数额不得超过合同标的总额的20％。 &emsp;&emsp;而“订金”不具有定金的性质，它通常是在购房者与卖家就房屋买卖初步达成意向后，<br />\r\n准备进一步协商签订的临时认购协议。同时，订金没有直接的法律规定，司法实践中一般被视为预付款，如果出现违约情形，并不会发生直接被没收或需要双倍返还的法律后果，<br />\r\n适用不了“定金罚则”，而是得根据实际情况及各方当事人的过错来让违约方承担违约责任。 &emsp;&emsp;那么，了解了定金与订金的区别之后，购房者在与开发商或者中介进行交易的时<br />\r\n候应该擦亮眼睛多留个心眼： &emsp;&emsp;1、不要着急与开发商或者中介签订认购协议书，不要先交定金，要双方达成一致协定，再签订商品房买卖合同； &emsp;&emsp;2、将“定金”写成“保证金”、<br />\r\n“订金”、“预付款”、“诚意金”等，一旦房屋合同签不成所有款项能退回。 &emsp;定金在什么情况下会返还? &emsp;&emsp;根据中华人民共和国《商品房销售管理办法》<br />\r\n第22条规定：不符合商品房销售条件的，开发商不得销售商品房也不得收取任何预订款性质的费用。因此，如果购房客户在商品房不符合销售条件的情况下交纳了“定金”，<br />\r\n那么向开发商要求无条件退还也是有法律依据的。相反如果开发商出售的房子符合相关出售条件，如不愿购房，则“定金”将不能退款。 &emsp;<br />\r\n&emsp;1、由于开发商方面的原因，购房者在约定的期限内无法取得产权证，如果有这样的退房条件就可以要求退房。 &emsp;<br />\r\n&emsp;2、开发商证件不全：开发商必须证件齐全才能盖楼卖房，如果开发商证件不全就属于违规操作，与买房人签订的合同就自然无效 &emsp;<br />\r\n&emsp;3、面积误差超过3%：如果交房时房屋的实测面积与签约时住房的暂测面积比误差超过3%，则购房者可要求退房。 &emsp;&emsp;<br />\r\n4、开发商未经购房者同意擅自变更房屋的户型、朝向、面积等有关设计，购房人可以根据合同要求退房。 &emsp;&emsp;<br />\r\n5、因不归责于当事人双方的原因而导致的按揭合同不能办理，办理不下按揭贷款的可要求退房。&nbsp;<br />\r\n&emsp;&emsp;6、延迟交房：开发商超过3个月不能交房，购房者就可要求退房并返还双倍定金。 &emsp;<br />\r\n&emsp;7、卖方将认购房屋转手他人或将已抵押房屋卖给购房者，卖方违约，应双倍返还定金。 &emsp;&emsp;（注：以上内容仅供参考，具体详情请咨询相关人员）<br />\r\n&nbsp;关注品房阁官方微信，提供楼市快讯，掌握海南房地产动向，浏览海南各大房产动态，尽享楼市优惠信息。品房阁，致力打造海南购房置业平台。<br />','http://localhost:80/ups/20190530/20190530274.jpg',0,'2019-05-30 16:01:04',3,13,4),(14,'购房定金和订金，到底哪个能退？','标签，标签','每个人在选到自己心仪的房源后，或多或少都会遇到需要交定金/订金的情况，但是在没有拿到房子的情况；或是交了定金，后来又由于某种原因想推掉，但是楼盘那边又说规定<br />\r\n<p>\r\n	退不了钱，为什么定金不能退？此时，就需要购房者谨慎、细致，分清定金和订金有什么区别？定金为何意？ &emsp;&emsp;\r\n</p>\r\n<p>\r\n	<img src=\"http://localhost:80/ups/20190530/20190530980.jpg\" alt=\"\" />\r\n</p>\r\n定金，又称作为保证金，是在合同订立或在履行合同之前支付的一定数额的金钱作为担保的担保方式。&nbsp; &emsp;&emsp;<br />\r\n1、定金款项是不退还的。不过当定金交纳的数额超过合同标的额度的20%，简单说就是索要超额定金时，你是可以直接提出异议，当场回绝的！ &emsp;&emsp;<br />\r\n2、定金也是有法律效应的。如：当事人可以约定一方向对方付定金作为债权的担保；债务人履行债务后，定金应该抵作价款或者收回；给付定金的一方不履行约定的债务的，<br />\r\n无权要求返还定金；收受定金的一方不履行约定债务的，应当双倍返还定金。 &emsp;&emsp;<br />\r\n订金为何意？ &emsp;&emsp;订金又称预付款。初步达成协议后，双方进一步协商签订临时认购协议，买房支付订金即取得在此期间的优先购买权。 &emsp;<br />\r\n&emsp;1、与定金不同，这个订金是可退的。在签订认购协议签要约定所选房号、面积、房屋单价、总价款、交房期限。&nbsp;<br />\r\n&emsp;&emsp;2、订金不具担保债的履行作用，不具有法律效应。所以在合同还未得以履行的情况下，不论是给付一方当事人违约，还是接受方违约，预付款都要原数返还。<br />\r\n定金和订金有什么区别： &emsp;&emsp;简单来说，定金是一种法定的担保形式，作为合同履行的金钱担保普遍存在于买卖合同关系中，<br />\r\n在《合同法》、《担保法》及其司法解释中均有明文规定，有着严格的法定条件： &emsp;&emsp;1、定金必需以书面形式进行约定； &emsp;&emsp;<br />\r\n2、定金必须实际完成了交付； &emsp;&emsp;3、定金数额不得超过合同标的总额的20％。 &emsp;&emsp;而“订金”不具有定金的性质，它通常是在购房者与卖家就房屋买卖初步达成意向后，<br />\r\n准备进一步协商签订的临时认购协议。同时，订金没有直接的法律规定，司法实践中一般被视为预付款，如果出现违约情形，并不会发生直接被没收或需要双倍返还的法律后果，<br />\r\n适用不了“定金罚则”，而是得根据实际情况及各方当事人的过错来让违约方承担违约责任。 &emsp;&emsp;那么，了解了定金与订金的区别之后，购房者在与开发商或者中介进行交易的时<br />\r\n候应该擦亮眼睛多留个心眼： &emsp;&emsp;1、不要着急与开发商或者中介签订认购协议书，不要先交定金，要双方达成一致协定，再签订商品房买卖合同； &emsp;&emsp;2、将“定金”写成“保证金”、<br />\r\n“订金”、“预付款”、“诚意金”等，一旦房屋合同签不成所有款项能退回。 &emsp;定金在什么情况下会返还? &emsp;&emsp;根据中华人民共和国《商品房销售管理办法》<br />\r\n第22条规定：不符合商品房销售条件的，开发商不得销售商品房也不得收取任何预订款性质的费用。因此，如果购房客户在商品房不符合销售条件的情况下交纳了“定金”，<br />\r\n那么向开发商要求无条件退还也是有法律依据的。相反如果开发商出售的房子符合相关出售条件，如不愿购房，则“定金”将不能退款。 &emsp;<br />\r\n&emsp;1、由于开发商方面的原因，购房者在约定的期限内无法取得产权证，如果有这样的退房条件就可以要求退房。 &emsp;<br />\r\n&emsp;2、开发商证件不全：开发商必须证件齐全才能盖楼卖房，如果开发商证件不全就属于违规操作，与买房人签订的合同就自然无效 &emsp;<br />\r\n&emsp;3、面积误差超过3%：如果交房时房屋的实测面积与签约时住房的暂测面积比误差超过3%，则购房者可要求退房。 &emsp;&emsp;<br />\r\n4、开发商未经购房者同意擅自变更房屋的户型、朝向、面积等有关设计，购房人可以根据合同要求退房。 &emsp;&emsp;<br />\r\n5、因不归责于当事人双方的原因而导致的按揭合同不能办理，办理不下按揭贷款的可要求退房。&nbsp;<br />\r\n&emsp;&emsp;6、延迟交房：开发商超过3个月不能交房，购房者就可要求退房并返还双倍定金。 &emsp;<br />\r\n&emsp;7、卖方将认购房屋转手他人或将已抵押房屋卖给购房者，卖方违约，应双倍返还定金。 &emsp;&emsp;（注：以上内容仅供参考，具体详情请咨询相关人员）<br />\r\n&nbsp;关注品房阁官方微信，提供楼市快讯，掌握海南房地产动向，浏览海南各大房产动态，尽享楼市优惠信息。品房阁，致力打造海南购房置业平台。<br />','http://localhost:80/ups/20190530/20190530274.jpg',0,'2019-05-30 16:01:04',3,13,4),(15,'购房定金和订金，到底哪个能退？','标签，标签','每个人在选到自己心仪的房源后，或多或少都会遇到需要交定金/订金的情况，但是在没有拿到房子的情况；或是交了定金，后来又由于某种原因想推掉，但是楼盘那边又说规定<br />\r\n<p>\r\n	退不了钱，为什么定金不能退？此时，就需要购房者谨慎、细致，分清定金和订金有什么区别？定金为何意？ &emsp;&emsp;\r\n</p>\r\n<p>\r\n	<img src=\"http://localhost:80/ups/20190530/20190530980.jpg\" alt=\"\" />\r\n</p>\r\n定金，又称作为保证金，是在合同订立或在履行合同之前支付的一定数额的金钱作为担保的担保方式。&nbsp; &emsp;&emsp;<br />\r\n1、定金款项是不退还的。不过当定金交纳的数额超过合同标的额度的20%，简单说就是索要超额定金时，你是可以直接提出异议，当场回绝的！ &emsp;&emsp;<br />\r\n2、定金也是有法律效应的。如：当事人可以约定一方向对方付定金作为债权的担保；债务人履行债务后，定金应该抵作价款或者收回；给付定金的一方不履行约定的债务的，<br />\r\n无权要求返还定金；收受定金的一方不履行约定债务的，应当双倍返还定金。 &emsp;&emsp;<br />\r\n订金为何意？ &emsp;&emsp;订金又称预付款。初步达成协议后，双方进一步协商签订临时认购协议，买房支付订金即取得在此期间的优先购买权。 &emsp;<br />\r\n&emsp;1、与定金不同，这个订金是可退的。在签订认购协议签要约定所选房号、面积、房屋单价、总价款、交房期限。&nbsp;<br />\r\n&emsp;&emsp;2、订金不具担保债的履行作用，不具有法律效应。所以在合同还未得以履行的情况下，不论是给付一方当事人违约，还是接受方违约，预付款都要原数返还。<br />\r\n定金和订金有什么区别： &emsp;&emsp;简单来说，定金是一种法定的担保形式，作为合同履行的金钱担保普遍存在于买卖合同关系中，<br />\r\n在《合同法》、《担保法》及其司法解释中均有明文规定，有着严格的法定条件： &emsp;&emsp;1、定金必需以书面形式进行约定； &emsp;&emsp;<br />\r\n2、定金必须实际完成了交付； &emsp;&emsp;3、定金数额不得超过合同标的总额的20％。 &emsp;&emsp;而“订金”不具有定金的性质，它通常是在购房者与卖家就房屋买卖初步达成意向后，<br />\r\n准备进一步协商签订的临时认购协议。同时，订金没有直接的法律规定，司法实践中一般被视为预付款，如果出现违约情形，并不会发生直接被没收或需要双倍返还的法律后果，<br />\r\n适用不了“定金罚则”，而是得根据实际情况及各方当事人的过错来让违约方承担违约责任。 &emsp;&emsp;那么，了解了定金与订金的区别之后，购房者在与开发商或者中介进行交易的时<br />\r\n候应该擦亮眼睛多留个心眼： &emsp;&emsp;1、不要着急与开发商或者中介签订认购协议书，不要先交定金，要双方达成一致协定，再签订商品房买卖合同； &emsp;&emsp;2、将“定金”写成“保证金”、<br />\r\n“订金”、“预付款”、“诚意金”等，一旦房屋合同签不成所有款项能退回。 &emsp;定金在什么情况下会返还? &emsp;&emsp;根据中华人民共和国《商品房销售管理办法》<br />\r\n第22条规定：不符合商品房销售条件的，开发商不得销售商品房也不得收取任何预订款性质的费用。因此，如果购房客户在商品房不符合销售条件的情况下交纳了“定金”，<br />\r\n那么向开发商要求无条件退还也是有法律依据的。相反如果开发商出售的房子符合相关出售条件，如不愿购房，则“定金”将不能退款。 &emsp;<br />\r\n&emsp;1、由于开发商方面的原因，购房者在约定的期限内无法取得产权证，如果有这样的退房条件就可以要求退房。 &emsp;<br />\r\n&emsp;2、开发商证件不全：开发商必须证件齐全才能盖楼卖房，如果开发商证件不全就属于违规操作，与买房人签订的合同就自然无效 &emsp;<br />\r\n&emsp;3、面积误差超过3%：如果交房时房屋的实测面积与签约时住房的暂测面积比误差超过3%，则购房者可要求退房。 &emsp;&emsp;<br />\r\n4、开发商未经购房者同意擅自变更房屋的户型、朝向、面积等有关设计，购房人可以根据合同要求退房。 &emsp;&emsp;<br />\r\n5、因不归责于当事人双方的原因而导致的按揭合同不能办理，办理不下按揭贷款的可要求退房。&nbsp;<br />\r\n&emsp;&emsp;6、延迟交房：开发商超过3个月不能交房，购房者就可要求退房并返还双倍定金。 &emsp;<br />\r\n&emsp;7、卖方将认购房屋转手他人或将已抵押房屋卖给购房者，卖方违约，应双倍返还定金。 &emsp;&emsp;（注：以上内容仅供参考，具体详情请咨询相关人员）<br />\r\n&nbsp;关注品房阁官方微信，提供楼市快讯，掌握海南房地产动向，浏览海南各大房产动态，尽享楼市优惠信息。品房阁，致力打造海南购房置业平台。<br />','http://localhost:80/ups/20190530/20190530274.jpg',0,'2019-05-30 16:01:04',3,13,4),(16,'购房定金和订金，到底哪个能退？','标签，标签','每个人在选到自己心仪的房源后，或多或少都会遇到需要交定金/订金的情况，但是在没有拿到房子的情况；或是交了定金，后来又由于某种原因想推掉，但是楼盘那边又说规定<br />\r\n<p>\r\n	退不了钱，为什么定金不能退？此时，就需要购房者谨慎、细致，分清定金和订金有什么区别？定金为何意？ &emsp;&emsp;\r\n</p>\r\n<p>\r\n	<img src=\"http://localhost:80/ups/20190530/20190530980.jpg\" alt=\"\" />\r\n</p>\r\n定金，又称作为保证金，是在合同订立或在履行合同之前支付的一定数额的金钱作为担保的担保方式。&nbsp; &emsp;&emsp;<br />\r\n1、定金款项是不退还的。不过当定金交纳的数额超过合同标的额度的20%，简单说就是索要超额定金时，你是可以直接提出异议，当场回绝的！ &emsp;&emsp;<br />\r\n2、定金也是有法律效应的。如：当事人可以约定一方向对方付定金作为债权的担保；债务人履行债务后，定金应该抵作价款或者收回；给付定金的一方不履行约定的债务的，<br />\r\n无权要求返还定金；收受定金的一方不履行约定债务的，应当双倍返还定金。 &emsp;&emsp;<br />\r\n订金为何意？ &emsp;&emsp;订金又称预付款。初步达成协议后，双方进一步协商签订临时认购协议，买房支付订金即取得在此期间的优先购买权。 &emsp;<br />\r\n&emsp;1、与定金不同，这个订金是可退的。在签订认购协议签要约定所选房号、面积、房屋单价、总价款、交房期限。&nbsp;<br />\r\n&emsp;&emsp;2、订金不具担保债的履行作用，不具有法律效应。所以在合同还未得以履行的情况下，不论是给付一方当事人违约，还是接受方违约，预付款都要原数返还。<br />\r\n定金和订金有什么区别： &emsp;&emsp;简单来说，定金是一种法定的担保形式，作为合同履行的金钱担保普遍存在于买卖合同关系中，<br />\r\n在《合同法》、《担保法》及其司法解释中均有明文规定，有着严格的法定条件： &emsp;&emsp;1、定金必需以书面形式进行约定； &emsp;&emsp;<br />\r\n2、定金必须实际完成了交付； &emsp;&emsp;3、定金数额不得超过合同标的总额的20％。 &emsp;&emsp;而“订金”不具有定金的性质，它通常是在购房者与卖家就房屋买卖初步达成意向后，<br />\r\n准备进一步协商签订的临时认购协议。同时，订金没有直接的法律规定，司法实践中一般被视为预付款，如果出现违约情形，并不会发生直接被没收或需要双倍返还的法律后果，<br />\r\n适用不了“定金罚则”，而是得根据实际情况及各方当事人的过错来让违约方承担违约责任。 &emsp;&emsp;那么，了解了定金与订金的区别之后，购房者在与开发商或者中介进行交易的时<br />\r\n候应该擦亮眼睛多留个心眼： &emsp;&emsp;1、不要着急与开发商或者中介签订认购协议书，不要先交定金，要双方达成一致协定，再签订商品房买卖合同； &emsp;&emsp;2、将“定金”写成“保证金”、<br />\r\n“订金”、“预付款”、“诚意金”等，一旦房屋合同签不成所有款项能退回。 &emsp;定金在什么情况下会返还? &emsp;&emsp;根据中华人民共和国《商品房销售管理办法》<br />\r\n第22条规定：不符合商品房销售条件的，开发商不得销售商品房也不得收取任何预订款性质的费用。因此，如果购房客户在商品房不符合销售条件的情况下交纳了“定金”，<br />\r\n那么向开发商要求无条件退还也是有法律依据的。相反如果开发商出售的房子符合相关出售条件，如不愿购房，则“定金”将不能退款。 &emsp;<br />\r\n&emsp;1、由于开发商方面的原因，购房者在约定的期限内无法取得产权证，如果有这样的退房条件就可以要求退房。 &emsp;<br />\r\n&emsp;2、开发商证件不全：开发商必须证件齐全才能盖楼卖房，如果开发商证件不全就属于违规操作，与买房人签订的合同就自然无效 &emsp;<br />\r\n&emsp;3、面积误差超过3%：如果交房时房屋的实测面积与签约时住房的暂测面积比误差超过3%，则购房者可要求退房。 &emsp;&emsp;<br />\r\n4、开发商未经购房者同意擅自变更房屋的户型、朝向、面积等有关设计，购房人可以根据合同要求退房。 &emsp;&emsp;<br />\r\n5、因不归责于当事人双方的原因而导致的按揭合同不能办理，办理不下按揭贷款的可要求退房。&nbsp;<br />\r\n&emsp;&emsp;6、延迟交房：开发商超过3个月不能交房，购房者就可要求退房并返还双倍定金。 &emsp;<br />\r\n&emsp;7、卖方将认购房屋转手他人或将已抵押房屋卖给购房者，卖方违约，应双倍返还定金。 &emsp;&emsp;（注：以上内容仅供参考，具体详情请咨询相关人员）<br />\r\n&nbsp;关注品房阁官方微信，提供楼市快讯，掌握海南房地产动向，浏览海南各大房产动态，尽享楼市优惠信息。品房阁，致力打造海南购房置业平台。<br />','http://localhost:80/ups/20190530/20190530274.jpg',0,'2019-05-30 16:01:04',3,13,4),(17,'购房定金和订金，到底哪个能退？','标签，标签','每个人在选到自己心仪的房源后，或多或少都会遇到需要交定金/订金的情况，但是在没有拿到房子的情况；或是交了定金，后来又由于某种原因想推掉，但是楼盘那边又说规定<br />\r\n<p>\r\n	退不了钱，为什么定金不能退？此时，就需要购房者谨慎、细致，分清定金和订金有什么区别？定金为何意？ &emsp;&emsp;\r\n</p>\r\n<p>\r\n	<img src=\"http://localhost:80/ups/20190530/20190530980.jpg\" alt=\"\" />\r\n</p>\r\n定金，又称作为保证金，是在合同订立或在履行合同之前支付的一定数额的金钱作为担保的担保方式。&nbsp; &emsp;&emsp;<br />\r\n1、定金款项是不退还的。不过当定金交纳的数额超过合同标的额度的20%，简单说就是索要超额定金时，你是可以直接提出异议，当场回绝的！ &emsp;&emsp;<br />\r\n2、定金也是有法律效应的。如：当事人可以约定一方向对方付定金作为债权的担保；债务人履行债务后，定金应该抵作价款或者收回；给付定金的一方不履行约定的债务的，<br />\r\n无权要求返还定金；收受定金的一方不履行约定债务的，应当双倍返还定金。 &emsp;&emsp;<br />\r\n订金为何意？ &emsp;&emsp;订金又称预付款。初步达成协议后，双方进一步协商签订临时认购协议，买房支付订金即取得在此期间的优先购买权。 &emsp;<br />\r\n&emsp;1、与定金不同，这个订金是可退的。在签订认购协议签要约定所选房号、面积、房屋单价、总价款、交房期限。&nbsp;<br />\r\n&emsp;&emsp;2、订金不具担保债的履行作用，不具有法律效应。所以在合同还未得以履行的情况下，不论是给付一方当事人违约，还是接受方违约，预付款都要原数返还。<br />\r\n定金和订金有什么区别： &emsp;&emsp;简单来说，定金是一种法定的担保形式，作为合同履行的金钱担保普遍存在于买卖合同关系中，<br />\r\n在《合同法》、《担保法》及其司法解释中均有明文规定，有着严格的法定条件： &emsp;&emsp;1、定金必需以书面形式进行约定； &emsp;&emsp;<br />\r\n2、定金必须实际完成了交付； &emsp;&emsp;3、定金数额不得超过合同标的总额的20％。 &emsp;&emsp;而“订金”不具有定金的性质，它通常是在购房者与卖家就房屋买卖初步达成意向后，<br />\r\n准备进一步协商签订的临时认购协议。同时，订金没有直接的法律规定，司法实践中一般被视为预付款，如果出现违约情形，并不会发生直接被没收或需要双倍返还的法律后果，<br />\r\n适用不了“定金罚则”，而是得根据实际情况及各方当事人的过错来让违约方承担违约责任。 &emsp;&emsp;那么，了解了定金与订金的区别之后，购房者在与开发商或者中介进行交易的时<br />\r\n候应该擦亮眼睛多留个心眼： &emsp;&emsp;1、不要着急与开发商或者中介签订认购协议书，不要先交定金，要双方达成一致协定，再签订商品房买卖合同； &emsp;&emsp;2、将“定金”写成“保证金”、<br />\r\n“订金”、“预付款”、“诚意金”等，一旦房屋合同签不成所有款项能退回。 &emsp;定金在什么情况下会返还? &emsp;&emsp;根据中华人民共和国《商品房销售管理办法》<br />\r\n第22条规定：不符合商品房销售条件的，开发商不得销售商品房也不得收取任何预订款性质的费用。因此，如果购房客户在商品房不符合销售条件的情况下交纳了“定金”，<br />\r\n那么向开发商要求无条件退还也是有法律依据的。相反如果开发商出售的房子符合相关出售条件，如不愿购房，则“定金”将不能退款。 &emsp;<br />\r\n&emsp;1、由于开发商方面的原因，购房者在约定的期限内无法取得产权证，如果有这样的退房条件就可以要求退房。 &emsp;<br />\r\n&emsp;2、开发商证件不全：开发商必须证件齐全才能盖楼卖房，如果开发商证件不全就属于违规操作，与买房人签订的合同就自然无效 &emsp;<br />\r\n&emsp;3、面积误差超过3%：如果交房时房屋的实测面积与签约时住房的暂测面积比误差超过3%，则购房者可要求退房。 &emsp;&emsp;<br />\r\n4、开发商未经购房者同意擅自变更房屋的户型、朝向、面积等有关设计，购房人可以根据合同要求退房。 &emsp;&emsp;<br />\r\n5、因不归责于当事人双方的原因而导致的按揭合同不能办理，办理不下按揭贷款的可要求退房。&nbsp;<br />\r\n&emsp;&emsp;6、延迟交房：开发商超过3个月不能交房，购房者就可要求退房并返还双倍定金。 &emsp;<br />\r\n&emsp;7、卖方将认购房屋转手他人或将已抵押房屋卖给购房者，卖方违约，应双倍返还定金。 &emsp;&emsp;（注：以上内容仅供参考，具体详情请咨询相关人员）<br />\r\n&nbsp;关注品房阁官方微信，提供楼市快讯，掌握海南房地产动向，浏览海南各大房产动态，尽享楼市优惠信息。品房阁，致力打造海南购房置业平台。<br />','http://localhost:80/ups/20190530/20190530274.jpg',0,'2019-05-30 16:01:04',3,13,4);
/*!40000 ALTER TABLE `article` ENABLE KEYS */;
UNLOCK TABLES;

--
-- Table structure for table `attach`
--

DROP TABLE IF EXISTS `attach`;
/*!40101 SET @saved_cs_client     = @@character_set_client */;
/*!40101 SET character_set_client = utf8 */;
CREATE TABLE `attach` (
  `id` bigint(20) unsigned NOT NULL AUTO_INCREMENT,
  `oldname` varchar(85) DEFAULT NULL,
  `newpath` varchar(100) DEFAULT NULL,
  `createtime` datetime DEFAULT NULL,
  `author` varchar(35) DEFAULT NULL,
  PRIMARY KEY (`id`)
) ENGINE=InnoDB AUTO_INCREMENT=84 DEFAULT CHARSET=utf8 COMMENT='所有上传的图片';
/*!40101 SET character_set_client = @saved_cs_client */;

--
-- Dumping data for table `attach`
--

LOCK TABLES `attach` WRITE;
/*!40000 ALTER TABLE `attach` DISABLE KEYS */;
INSERT INTO `attach` VALUES (8,'a9.jpg','http://localhost:80/ups/20190517/20190517848.jpg','2019-05-17 22:06:49','admin@qq.com'),(9,'a1.jpg','http://localhost:80/ups/20190517/20190517951.jpg','2019-05-17 22:07:24','admin@qq.com'),(10,'a5.jpg','http://localhost:80/ups/20190517/20190517858.jpg','2019-05-17 22:07:55','admin@qq.com'),(11,'a8.jpg','http://localhost:80/ups/20190517/20190517716.jpg','2019-05-17 22:08:44','admin@qq.com'),(12,'a3.jpg','http://localhost:80/ups/20190517/20190517448.jpg','2019-05-17 22:10:51','admin@qq.com'),(13,'a9.jpg','http://localhost:80/ups/20190517/20190517222.jpg','2019-05-17 22:11:49','admin@qq.com'),(14,'004.jpg','http://localhost:80/ups/20190517/20190517795.jpg','2019-05-17 22:15:40','admin@qq.com'),(15,'003.jpg','http://localhost:80/ups/20190517/20190517426.jpg','2019-05-17 22:17:21','admin@qq.com'),(20,'004.jpg','http://localhost:80/ups/20190519/20190519651.jpg','2019-05-19 18:51:12','admin@qq.com'),(24,'aaa.png','http://localhost:80/ups/20190520/2019052058.png','2019-05-20 15:43:07','admin@qq.com'),(25,'a9.jpg','http://localhost:80/ups/20190526/20190526780.jpg','2019-05-26 17:29:09','admin@qq.com'),(26,'aaa.png','http://localhost:80/ups/20190526/2019052621.png','2019-05-26 17:40:35','admin@qq.com'),(27,'a9.jpg','http://localhost:80/ups/20190526/20190526957.jpg','2019-05-26 17:41:57','admin@qq.com'),(28,'aaa.png','http://localhost:80/ups/20190528/20190528921.png','2019-05-28 09:42:03','admin@qq.com'),(32,'a3.jpg','http://localhost:80/ups/20190528/20190528844.jpg','2019-05-28 11:30:11','admin@qq.com'),(36,'aaa.png','http://localhost:80/ups/20190528/20190528935.png','2019-05-28 11:55:49','admin@qq.com'),(39,'004.jpg','http://localhost:80/ups/20190528/20190528374.jpg','2019-05-28 18:52:51','admin@qq.com'),(40,'aaa.png','http://localhost:80/ups/20190528/20190528455.png','2019-05-28 18:52:57','admin@qq.com'),(41,'a5.jpg','http://localhost:80/ups/20190528/20190528893.jpg','2019-05-28 19:01:16','admin@qq.com'),(42,'aaa.png','http://localhost:80/ups/20190528/20190528874.png','2019-05-28 19:01:29','admin@qq.com'),(43,'aaa.png','http://localhost:80/ups/20190528/20190528248.png','2019-05-28 21:56:57','admin@qq.com'),(44,'login-background.jpg','http://localhost:80/ups/20190528/20190528458.jpg','2019-05-28 21:57:13','admin@qq.com'),(45,'a3.jpg','http://localhost:80/ups/20190529/20190529640.jpg','2019-05-29 14:48:06','admin@qq.com'),(46,'aaa.png','http://localhost:80/ups/20190529/201905295.png','2019-05-29 14:48:11','admin@qq.com'),(47,'kaocha01.jpg','http://localhost:80/ups/20190529/20190529695.jpg','2019-05-29 16:07:41','admin@qq.com'),(48,'m02.jpg','http://localhost:80/ups/20190529/20190529497.jpg','2019-05-29 16:09:33','admin@qq.com'),(49,'pic01.jpg','http://localhost:80/ups/20190529/20190529641.jpg','2019-05-29 17:46:35','admin@qq.com'),(50,'house.jpg','http://localhost:80/ups/20190529/20190529916.jpg','2019-05-29 17:55:30','admin@qq.com'),(51,'pic11.jpg','http://localhost:80/ups/20190529/20190529739.jpg','2019-05-29 19:26:19','admin@qq.com'),(52,'pic01.jpg','http://localhost:80/ups/20190529/20190529849.jpg','2019-05-29 19:27:08','admin@qq.com'),(53,'house.jpg','http://localhost:80/ups/20190529/20190529742.jpg','2019-05-29 19:40:32','admin@qq.com'),(54,'house.jpg','http://localhost:80/ups/20190529/2019052991.jpg','2019-05-29 19:42:23','admin@qq.com'),(55,'1-1f62gq404j2.jpg','http://localhost:80/ups/20190529/20190529756.jpg','2019-05-29 19:59:42','admin@qq.com'),(56,'a9.jpg','http://localhost:80/ups/20190529/20190529587.jpg','2019-05-29 19:59:52','admin@qq.com'),(57,'m02.jpg','http://localhost:80/ups/20190529/20190529165.jpg','2019-05-29 20:00:08','admin@qq.com'),(58,'a8.jpg','http://localhost:80/ups/20190529/20190529692.jpg','2019-05-29 20:00:19','admin@qq.com'),(59,'a8.jpg','http://localhost:80/ups/20190529/20190529937.jpg','2019-05-29 20:02:33','admin@qq.com'),(60,'a8.jpg','http://localhost:80/ups/20190529/2019052951.jpg','2019-05-29 20:02:44','admin@qq.com'),(61,'m02.jpg','http://localhost:80/ups/20190529/20190529530.jpg','2019-05-29 20:02:58','admin@qq.com'),(62,'1-1f62gq404j2.jpg','http://localhost:80/ups/20190529/20190529182.jpg','2019-05-29 21:48:29','admin@qq.com'),(63,'a8.jpg','http://localhost:80/ups/20190529/2019052921.jpg','2019-05-29 21:48:53','admin@qq.com'),(64,'1-1f62gq404j2.jpg','http://localhost:80/ups/20190529/20190529986.jpg','2019-05-29 21:54:39','admin@qq.com'),(65,'a8.jpg','http://localhost:80/ups/20190529/2019052926.jpg','2019-05-29 21:54:45','admin@qq.com'),(66,'1-1f62gq404j2.jpg','http://localhost:80/ups/20190529/20190529118.jpg','2019-05-29 22:02:48','admin@qq.com'),(67,'a8.jpg','http://localhost:80/ups/20190529/20190529597.jpg','2019-05-29 22:02:53','admin@qq.com'),(68,'1-1f62gq404j2.jpg','http://localhost:80/ups/20190529/20190529778.jpg','2019-05-29 22:20:30','admin@qq.com'),(69,'a8.jpg','http://localhost:80/ups/20190529/20190529169.jpg','2019-05-29 22:20:40','admin@qq.com'),(70,'1-1f62gq404j2.jpg','http://localhost:80/ups/20190530/20190530362.jpg','2019-05-30 10:35:18','admin@qq.com'),(71,'pic10.jpg','http://localhost:80/ups/20190530/20190530642.jpg','2019-05-30 11:13:48','admin@qq.com'),(72,'pic07.jpg','http://localhost:80/ups/20190530/20190530528.jpg','2019-05-30 15:57:42','admin@qq.com'),(73,'1-1f62gq404j2.jpg','http://localhost:80/ups/20190530/20190530980.jpg','2019-05-30 16:00:53','admin@qq.com'),(74,'m02.jpg','http://localhost:80/ups/20190530/20190530274.jpg','2019-05-30 16:01:03','admin@qq.com'),(75,'kaocha01.jpg','http://localhost:80/ups/20190531/20190531149.jpg','2019-05-31 11:31:53','admin@qq.com'),(76,'m03.jpg','http://localhost:80/ups/20190531/2019053136.jpg','2019-05-31 11:44:47','admin@qq.com'),(77,'m02.jpg','http://localhost:80/ups/20190531/20190531600.jpg','2019-05-31 17:37:26','admin@qq.com'),(78,'m01.jpg','http://localhost:80/ups/20190531/20190531318.jpg','2019-05-31 17:39:06','admin@qq.com'),(79,'kaocha01.jpg','http://localhost:80/ups/20190531/20190531408.jpg','2019-05-31 17:40:20','admin@qq.com'),(80,'m03.jpg','http://localhost:80/ups/20190531/20190531836.jpg','2019-05-31 19:25:54','admin@qq.com'),(81,'m03.jpg','http://localhost:80/ups/20190531/20190531583.jpg','2019-05-31 20:50:42','admin@qq.com'),(82,'1-1f62gq404j2.jpg','http://localhost:80/ups/20190601/20190601292.jpg','2019-06-01 10:31:58','admin@qq.com'),(83,'m02.jpg','http://localhost:80/ups/20190601/20190601901.jpg','2019-06-01 10:32:14','admin@qq.com');
/*!40000 ALTER TABLE `attach` ENABLE KEYS */;
UNLOCK TABLES;

--
-- Table structure for table `channel`
--

DROP TABLE IF EXISTS `channel`;
/*!40101 SET @saved_cs_client     = @@character_set_client */;
/*!40101 SET character_set_client = utf8 */;
CREATE TABLE `channel` (
  `id` int(10) unsigned NOT NULL AUTO_INCREMENT,
  `name` varchar(45) NOT NULL COMMENT '类别名',
  `level` int(10) unsigned DEFAULT '9' COMMENT '排序',
  `path` varchar(45) DEFAULT NULL COMMENT '静态化路径',
  PRIMARY KEY (`id`)
) ENGINE=InnoDB AUTO_INCREMENT=4 DEFAULT CHARSET=utf8 COMMENT='资讯类别';
/*!40101 SET character_set_client = @saved_cs_client */;

--
-- Dumping data for table `channel`
--

LOCK TABLES `channel` WRITE;
/*!40000 ALTER TABLE `channel` DISABLE KEYS */;
INSERT INTO `channel` VALUES (1,'百科',6,'baike'),(2,'导购',1,'daogou'),(3,'新闻',3,'news');
/*!40000 ALTER TABLE `channel` ENABLE KEYS */;
UNLOCK TABLES;

--
-- Table structure for table `city`
--

DROP TABLE IF EXISTS `city`;
/*!40101 SET @saved_cs_client     = @@character_set_client */;
/*!40101 SET character_set_client = utf8 */;
CREATE TABLE `city` (
  `id` int(10) unsigned NOT NULL AUTO_INCREMENT,
  `parent_id` int(10) unsigned DEFAULT NULL,
  `name` varchar(45) NOT NULL,
  `pic` varchar(100) DEFAULT NULL,
  `dis` varchar(500) DEFAULT NULL,
  `level` int(10) unsigned DEFAULT '99',
  `display` int(10) unsigned NOT NULL DEFAULT '1',
  PRIMARY KEY (`id`),
  KEY `FK_city_1` (`parent_id`)
) ENGINE=InnoDB AUTO_INCREMENT=19 DEFAULT CHARSET=utf8 COMMENT='国家和城市';
/*!40101 SET character_set_client = @saved_cs_client */;

--
-- Dumping data for table `city`
--

LOCK TABLES `city` WRITE;
/*!40000 ALTER TABLE `city` DISABLE KEYS */;
INSERT INTO `city` VALUES (7,0,'马来西亚','http://localhost:80/ups/20190517/20190517848.jpg','花园城市国家，全球最佳宜居城市之一<br />\r\n教育医疗设施全球领先<br />\r\n租金回报率3%-5%，房价增长潜力巨大<br />\r\n外国人贷款门槛低，无资本利得税和出售预扣税<br />',1,1),(10,7,'吉隆坡','http://localhost:80/ups/20190517/20190517716.jpg','花园城市国家，全球最佳宜居城市之一<br />\r\n教育医疗设施全球领先<br />\r\n租金回报率3%-5%，房价增长潜力巨大<br />\r\n外国人贷款门槛低，无资本利得税和出售预扣税<br />',5,1),(11,7,'新山','http://localhost:80/ups/20190517/20190517448.jpg','花园城市国家，全球最佳宜居城市之一<br />\r\n教育医疗设施全球领先<br />\r\n租金回报率3%-5%，房价增长潜力巨大<br />\r\n外国人贷款门槛低，无资本利得税和出售预扣税<br />',4,1),(13,0,'新加坡','http://localhost:80/ups/20190530/20190530528.jpg','<div style=\"text-align:center;\">\r\n	<span style=\"font-size:18px;\">75%为华人，亚洲四小龙，世界金融与贸易中心之一</span><br />\r\n<span style=\"font-size:18px;\">花园城市国家，全球最佳宜居城市之一</span><br />\r\n<span style=\"font-size:18px;\">教育医疗设施全球领先</span><br />\r\n<span style=\"font-size:18px;\">租金回报率3%-5%，房价增长潜力巨大</span><br />\r\n<span style=\"font-size:18px;\">外国人贷款门槛低，无资本利得税和出售预扣税</span><br />\r\n<span style=\"font-size:18px;\"></span><span style=\"font-size:18px;\"></span><br />\r\n</div>',3,1),(14,0,'泰国','http://localhost:80/ups/20190531/20190531149.jpg','<div style=\"text-align:center;\">\r\n	<span style=\"font-size:18px;\">花园城市国家，全球最佳宜居城市之一</span>\r\n</div>\r\n<span style=\"font-size:18px;\">\r\n<div style=\"text-align:center;\">\r\n	教育医疗设施全球领先\r\n</div>\r\n</span><span style=\"font-size:18px;\">\r\n<div style=\"text-align:center;\">\r\n	租金回报率3%-5%，房价增长潜力巨大\r\n</div>\r\n</span><span style=\"font-size:18px;\">\r\n<div style=\"text-align:center;\">\r\n	外国人贷款门槛低，无资本利得税和出售预扣税\r\n</div>\r\n</span>',6,1),(15,0,'越南','http://localhost:80/ups/20190531/2019053136.jpg','75%为华人，亚洲四小龙，世界金融与贸易中心之一<br />\r\n花园城市国家，全球最佳宜居城市之一<br />\r\n教育医疗设施全球领先<br />\r\n租金回报率3%-5%，房价增长潜力巨大<br />\r\n外国人贷款门槛低，无资本利得税和出售预扣税<br />',7,1),(16,13,'吉隆坡','http://localhost:80/ups/20190531/20190531600.jpg','<div style=\"text-align:center;\">\r\n	75%为华人，亚洲四小龙，世界金融与贸易中心之一\r\n</div>\r\n<div style=\"text-align:center;\">\r\n	花园城市国家，全球最佳宜居城市之一\r\n</div>\r\n<div style=\"text-align:center;\">\r\n	教育医疗设施全球领先\r\n</div>\r\n<div style=\"text-align:center;\">\r\n	租金回报率3%-5%，房价增长潜力巨大\r\n</div>\r\n<div style=\"text-align:center;\">\r\n	外国人贷款门槛低，无资本利得税和出售预扣税\r\n</div>\r\n<div style=\"text-align:center;\">\r\n</div>',1,1),(17,14,'曼谷','http://localhost:80/ups/20190531/20190531318.jpg','曼谷（泰文：กรุงเทพมหานคร；英文：Bangkok），是泰国首都和最大城市，别名“天使之城”，位于昭披耶河东岸，南临暹罗湾，中南半岛最大城市，东南亚第二大城市，为泰国政治、经济、贸易、交通、文化、科技、教育、宗教与各方面中心。<br />\r\n曼谷是繁华的国际大都市，是贵金属和宝石的交易中心。经济占泰国总量的44%，曼谷港承担着泰国90%的外贸。曼谷旅游业十分发达，被评选为2013全球最受欢迎旅游城市。<br />',1,1),(18,15,'河内','http://localhost:80/ups/20190531/20190531408.jpg','河内（Ha Noi），是越南社会主义共和国的首都，越南第二大城市，位于越南北部的红河三角洲，面积3340平方公里，人口756万人<br />',1,1);
/*!40000 ALTER TABLE `city` ENABLE KEYS */;
UNLOCK TABLES;

--
-- Table structure for table `citypic`
--

DROP TABLE IF EXISTS `citypic`;
/*!40101 SET @saved_cs_client     = @@character_set_client */;
/*!40101 SET character_set_client = utf8 */;
CREATE TABLE `citypic` (
  `id` int(10) unsigned NOT NULL AUTO_INCREMENT,
  `city_id` int(10) unsigned DEFAULT NULL,
  `dis` varchar(45) DEFAULT NULL,
  `path` varchar(100) DEFAULT NULL,
  `level` int(10) unsigned DEFAULT '99',
  PRIMARY KEY (`id`),
  KEY `FK_citypic_1` (`city_id`)
) ENGINE=InnoDB AUTO_INCREMENT=22 DEFAULT CHARSET=utf8 COMMENT='国家图片';
/*!40101 SET character_set_client = @saved_cs_client */;

--
-- Dumping data for table `citypic`
--

LOCK TABLES `citypic` WRITE;
/*!40000 ALTER TABLE `citypic` DISABLE KEYS */;
INSERT INTO `citypic` VALUES (6,10,'兰州1','http://localhost:80/ups/20190517/20190517843.jpg',5),(7,10,'兰州2','http://localhost:80/ups/20190517/20190517592.jpg',3),(8,7,'马来西亚1','http://localhost:80/ups/20190531/20190531920.jpg',9),(9,7,'马来西亚2','http://localhost:80/ups/20190531/20190531835.jpg',5),(10,7,'马来西亚3','http://localhost:80/ups/20190531/20190531815.jpg',9),(12,13,'新加坡2','http://localhost:80/ups/20190531/20190531386.jpg',9),(14,13,'新加坡1','http://localhost:80/ups/20190531/2019053113.jpg',9),(15,13,'新加坡3','http://localhost:80/ups/20190531/20190531395.jpg',9),(16,14,'泰国1','http://localhost:80/ups/20190531/20190531472.jpg',4),(17,14,'泰国2','http://localhost:80/ups/20190531/2019053189.jpg',9),(18,14,'泰国3','http://localhost:80/ups/20190531/20190531119.jpg',9),(19,15,'越南1','http://localhost:80/ups/20190531/2019053170.jpg',4),(20,15,'越南2','http://localhost:80/ups/20190531/20190531876.jpg',9),(21,15,'越南3','http://localhost:80/ups/20190531/2019053193.jpg',9);
/*!40000 ALTER TABLE `citypic` ENABLE KEYS */;
UNLOCK TABLES;

--
-- Table structure for table `focuspic`
--

DROP TABLE IF EXISTS `focuspic`;
/*!40101 SET @saved_cs_client     = @@character_set_client */;
/*!40101 SET character_set_client = utf8 */;
CREATE TABLE `focuspic` (
  `id` int(10) unsigned NOT NULL AUTO_INCREMENT,
  `dis` varchar(45) NOT NULL,
  `level` int(10) unsigned DEFAULT NULL,
  `path` varchar(200) DEFAULT '9',
  `link` varchar(200) DEFAULT NULL,
  PRIMARY KEY (`id`)
) ENGINE=InnoDB AUTO_INCREMENT=8 DEFAULT CHARSET=utf8 COMMENT='焦点广告';
/*!40101 SET character_set_client = @saved_cs_client */;

--
-- Dumping data for table `focuspic`
--

LOCK TABLES `focuspic` WRITE;
/*!40000 ALTER TABLE `focuspic` DISABLE KEYS */;
INSERT INTO `focuspic` VALUES (5,'焦点图1',1,'http://localhost:80/ups/20190529/20190529977.jpg','http://www.baidu.com'),(6,'焦点图2',2,'http://localhost:80/ups/20190529/20190529569.jpg','http://www.sina.com'),(7,'焦点图3',3,'http://localhost:80/ups/20190529/20190529639.jpg','http://www.qq.com');
/*!40000 ALTER TABLE `focuspic` ENABLE KEYS */;
UNLOCK TABLES;

--
-- Table structure for table `house`
--

DROP TABLE IF EXISTS `house`;
/*!40101 SET @saved_cs_client     = @@character_set_client */;
/*!40101 SET character_set_client = utf8 */;
CREATE TABLE `house` (
  `id` bigint(20) unsigned NOT NULL AUTO_INCREMENT COMMENT 'id',
  `name` varchar(100) NOT NULL COMMENT '楼盘名',
  `keyword` varchar(100) DEFAULT NULL COMMENT '关键词',
  `area` varchar(65) DEFAULT NULL COMMENT '区域',
  `addr` varchar(85) DEFAULT NULL COMMENT '地址',
  `price_rmb` varchar(45) DEFAULT NULL COMMENT '总价人民币',
  `price_other` varchar(45) DEFAULT NULL COMMENT '总价其它',
  `feature` varchar(100) DEFAULT NULL COMMENT '楼盘特色',
  `types` varchar(100) DEFAULT NULL COMMENT '物业类型',
  `propertys` varchar(45) DEFAULT NULL COMMENT '产权',
  `sizes` varchar(45) DEFAULT NULL COMMENT '面积',
  `payment` int(10) unsigned DEFAULT '10' COMMENT '首付',
  `huxing` varchar(85) DEFAULT NULL COMMENT '主力户型',
  `fitment` varchar(45) DEFAULT NULL COMMENT '装修类型 ',
  `country_id` bigint(20) unsigned DEFAULT NULL COMMENT '国家',
  `city_id` bigint(20) unsigned DEFAULT NULL COMMENT '城市',
  `level` int(10) unsigned DEFAULT '29' COMMENT '排序',
  `ctimes` datetime DEFAULT NULL COMMENT '时间',
  `txt1` text COMMENT '基本信息',
  `txt2` text COMMENT '配套',
  `txt3` text COMMENT '特色',
  `pic` varchar(100) DEFAULT NULL COMMENT '图片',
  `yj_persent` int(10) unsigned DEFAULT NULL COMMENT '拥金百分比',
  `yj_many` varchar(45) DEFAULT NULL COMMENT '拥金钱',
  `isdel` int(10) unsigned DEFAULT '0' COMMENT '0启用1禁用',
  `target` varchar(50) DEFAULT NULL COMMENT '置业目的',
  PRIMARY KEY (`id`)
) ENGINE=InnoDB AUTO_INCREMENT=8 DEFAULT CHARSET=utf8 COMMENT='房产基本信息';
/*!40101 SET character_set_client = @saved_cs_client */;

--
-- Dumping data for table `house`
--

LOCK TABLES `house` WRITE;
/*!40000 ALTER TABLE `house` DISABLE KEYS */;
INSERT INTO `house` VALUES (2,'Sawgrass Plantation 尚古斯庄园','精装修、学区','马来西亚·吉隆坡','马来西亚·吉隆坡','50-100万','200','无公摊、永久产权','[住宅, 公寓]','永久产权','301~378',10,'一室一卫 (53m²) 一室一卫带阳台 (56m²) 两室两卫 (82m²) 两室两卫带阳台 (73m²) 两室两卫带阳','精装',7,11,5,'2019-05-17 22:15:42','<div style=\"text-align:center;\">\r\n	<div style=\"text-align:left;\">\r\n		<span>Union &amp; Co总价206万元起，首付仅需20万元，购房利息返还，无印花税。精装交付，可拎包入住，拥有永久产权。 项目位于奥克兰市中心的维多利亚区，周边配套非常完善，学校、CBD、购物场所等环绕左右，生活便利。项目配套完善，泳池、健身房等等应有尽有。</span><span></span>\r\n	</div>\r\n</div>','教育EDUCATION<br />\r\n<br />\r\n项目周边教育资源丰富，从小学到大学应有尽有，可满足孩子从小到大的教育需求。距离奥克兰大学4km，开车10分钟即可到达。<br />\r\n<br />\r\n购物SHOPPING<br />\r\n<br />\r\n项目毗邻Ponsonby购物区，距离皇后街2km，公交车5分钟即可到达。<br />\r\n<br />\r\n休闲LEISURE TIME<br />\r\n项目毗邻Western公园，距离维多利亚公园1km。<br />\r\n<br />\r\n交通TRANSPORTATION<br />\r\n<br />\r\n项目距离公交站200米，邻近高速公路，可快速上高速，到达新西兰任意地方。<br />\r\n<br />\r\n医院HOSPITAL<br />\r\n<br />\r\n项目距离奥克兰医院4km，开车10分钟即可到达，就医方便。<br />','&nbsp;厨房配置<br />\r\n&nbsp;卫浴配置<br />\r\n&nbsp;停车场<br />\r\n&nbsp;花园配置<br />','http://localhost:80/ups/20190517/20190517795.jpg',10,'5',0,'[自住]'),(4,'尚古斯庄园','精装修、学区','马来西亚·吉隆坡','马来西亚·吉隆坡','100-150万','340','无公摊、永久产权','[住宅]','永久产权','301~378',10,'一室一卫 (53m²) 一室一卫带阳台 (56m²) 两室两卫 (82m²) 两室两卫带阳台 (73m²) 两室两卫带阳','精装',7,10,3,'2019-05-31 20:58:01','<div style=\"text-align:center;\">\r\n	<div style=\"text-align:left;\">\r\n		<span>Union &amp; Co总价206万元起，首付仅需20万元，购房利息返还，无印花税。精装交付，可拎包入住，拥有永久产权。 项目位于奥克兰市中心的维多利亚区，周边配套非常完善，学校、CBD、购物场所等环绕左右，生活便利。项目配套完善，泳池、健身房等等应有尽有。</span><span></span> \r\n	</div>\r\n</div>','教育EDUCATION<br />\r\n<br />\r\n项目周边教育资源丰富，从小学到大学应有尽有，可满足孩子从小到大的教育需求。距离奥克兰大学4km，开车10分钟即可到达。<br />\r\n<br />\r\n购物SHOPPING<br />\r\n<br />\r\n项目毗邻Ponsonby购物区，距离皇后街2km，公交车5分钟即可到达。<br />\r\n<br />\r\n休闲LEISURE TIME<br />\r\n项目毗邻Western公园，距离维多利亚公园1km。<br />\r\n<br />\r\n交通TRANSPORTATION<br />\r\n<br />\r\n项目距离公交站200米，邻近高速公路，可快速上高速，到达新西兰任意地方。<br />\r\n<br />\r\n医院HOSPITAL<br />\r\n<br />\r\n项目距离奥克兰医院4km，开车10分钟即可到达，就医方便。<br />','&nbsp;厨房配置<br />\r\n卫浴配置<br />\r\n停车场<br />\r\n花园配置<br />','http://localhost:80/ups/20190531/20190531836.jpg',10,'5',0,'[自住]'),(5,'Sawgrass Plantation 尚古斯庄园','精装修、学区','马来西亚·吉隆坡','马来西亚·吉隆坡','100-150万','340','无公摊、永久产权','[住宅]','永久产权','301~378',10,'一室一卫 (53m²) 一室一卫带阳台 (56m²) 两室两卫 (82m²) 两室两卫带阳台 (73m²) 两室两卫带阳','精装',7,10,6,'2019-05-31 19:26:07','<div style=\"text-align:center;\">\r\n	<div style=\"text-align:left;\">\r\n		<span>Union &amp; Co总价206万元起，首付仅需20万元，购房利息返还，无印花税。精装交付，可拎包入住，拥有永久产权。 项目位于奥克兰市中心的维多利亚区，周边配套非常完善，学校、CBD、购物场所等环绕左右，生活便利。项目配套完善，泳池、健身房等等应有尽有。</span><span></span>\r\n	</div>\r\n</div>','教育EDUCATION<br />\r\n<br />\r\n项目周边教育资源丰富，从小学到大学应有尽有，可满足孩子从小到大的教育需求。距离奥克兰大学4km，开车10分钟即可到达。<br />\r\n<br />\r\n购物SHOPPING<br />\r\n<br />\r\n项目毗邻Ponsonby购物区，距离皇后街2km，公交车5分钟即可到达。<br />\r\n<br />\r\n休闲LEISURE TIME<br />\r\n项目毗邻Western公园，距离维多利亚公园1km。<br />\r\n<br />\r\n交通TRANSPORTATION<br />\r\n<br />\r\n项目距离公交站200米，邻近高速公路，可快速上高速，到达新西兰任意地方。<br />\r\n<br />\r\n医院HOSPITAL<br />\r\n<br />\r\n项目距离奥克兰医院4km，开车10分钟即可到达，就医方便。<br />','&nbsp;厨房配置<br />\r\n&nbsp;卫浴配置<br />\r\n&nbsp;停车场<br />\r\n&nbsp;花园配置<br />','http://localhost:80/ups/20190531/20190531836.jpg',10,'5',0,'[自住]'),(6,'Sawgrass Plantation 尚古斯庄园','精装修、学区','马来西亚·吉隆坡','马来西亚·吉隆坡','100-150万','340','无公摊、永久产权','[住宅]','永久产权','301~378',10,'一室一卫 (53m²) 一室一卫带阳台 (56m²) 两室两卫 (82m²) 两室两卫带阳台 (73m²) 两室两卫带阳','精装',7,10,3,'2019-05-31 19:26:07','<div style=\"text-align:center;\">\r\n	<div style=\"text-align:left;\">\r\n		<span>Union &amp; Co总价206万元起，首付仅需20万元，购房利息返还，无印花税。精装交付，可拎包入住，拥有永久产权。 项目位于奥克兰市中心的维多利亚区，周边配套非常完善，学校、CBD、购物场所等环绕左右，生活便利。项目配套完善，泳池、健身房等等应有尽有。</span><span></span>\r\n	</div>\r\n</div>','教育EDUCATION<br />\r\n<br />\r\n项目周边教育资源丰富，从小学到大学应有尽有，可满足孩子从小到大的教育需求。距离奥克兰大学4km，开车10分钟即可到达。<br />\r\n<br />\r\n购物SHOPPING<br />\r\n<br />\r\n项目毗邻Ponsonby购物区，距离皇后街2km，公交车5分钟即可到达。<br />\r\n<br />\r\n休闲LEISURE TIME<br />\r\n项目毗邻Western公园，距离维多利亚公园1km。<br />\r\n<br />\r\n交通TRANSPORTATION<br />\r\n<br />\r\n项目距离公交站200米，邻近高速公路，可快速上高速，到达新西兰任意地方。<br />\r\n<br />\r\n医院HOSPITAL<br />\r\n<br />\r\n项目距离奥克兰医院4km，开车10分钟即可到达，就医方便。<br />','&nbsp;厨房配置<br />\r\n&nbsp;卫浴配置<br />\r\n&nbsp;停车场<br />\r\n&nbsp;花园配置<br />','http://localhost:80/ups/20190531/20190531836.jpg',10,'5',0,'[自住]'),(7,'Sawgrass Plantation 尚古斯庄园','精装修、学区','马来西亚·吉隆坡','马来西亚·吉隆坡','100-150万','340','无公摊、永久产权','[住宅]','永久产权','301~378',10,'一室一卫 (53m²) 一室一卫带阳台 (56m²) 两室两卫 (82m²) 两室两卫带阳台 (73m²) 两室两卫带阳','精装',7,10,3,'2019-05-31 19:26:07','<div style=\"text-align:center;\">\r\n	<div style=\"text-align:left;\">\r\n		<span>Union &amp; Co总价206万元起，首付仅需20万元，购房利息返还，无印花税。精装交付，可拎包入住，拥有永久产权。 项目位于奥克兰市中心的维多利亚区，周边配套非常完善，学校、CBD、购物场所等环绕左右，生活便利。项目配套完善，泳池、健身房等等应有尽有。</span><span></span>\r\n	</div>\r\n</div>','教育EDUCATION<br />\r\n<br />\r\n项目周边教育资源丰富，从小学到大学应有尽有，可满足孩子从小到大的教育需求。距离奥克兰大学4km，开车10分钟即可到达。<br />\r\n<br />\r\n购物SHOPPING<br />\r\n<br />\r\n项目毗邻Ponsonby购物区，距离皇后街2km，公交车5分钟即可到达。<br />\r\n<br />\r\n休闲LEISURE TIME<br />\r\n项目毗邻Western公园，距离维多利亚公园1km。<br />\r\n<br />\r\n交通TRANSPORTATION<br />\r\n<br />\r\n项目距离公交站200米，邻近高速公路，可快速上高速，到达新西兰任意地方。<br />\r\n<br />\r\n医院HOSPITAL<br />\r\n<br />\r\n项目距离奥克兰医院4km，开车10分钟即可到达，就医方便。<br />','&nbsp;厨房配置<br />\r\n&nbsp;卫浴配置<br />\r\n&nbsp;停车场<br />\r\n&nbsp;花园配置<br />','http://localhost:80/ups/20190531/20190531836.jpg',10,'5',0,'[自住]');
/*!40000 ALTER TABLE `house` ENABLE KEYS */;
UNLOCK TABLES;

--
-- Table structure for table `huxing`
--

DROP TABLE IF EXISTS `huxing`;
/*!40101 SET @saved_cs_client     = @@character_set_client */;
/*!40101 SET character_set_client = utf8 */;
CREATE TABLE `huxing` (
  `id` bigint(20) unsigned NOT NULL AUTO_INCREMENT COMMENT 'id',
  `house_id` bigint(20) unsigned DEFAULT NULL COMMENT '房id',
  `path` varchar(100) DEFAULT NULL COMMENT '新名',
  `orgname` varchar(45) DEFAULT NULL COMMENT '原名',
  `mime` varchar(45) DEFAULT NULL COMMENT 'mime',
  `level` int(10) unsigned DEFAULT '9' COMMENT '排序',
  `dis` varchar(65) DEFAULT NULL COMMENT '名称',
  `area` varchar(45) DEFAULT NULL COMMENT '面积',
  `ctime` datetime DEFAULT NULL COMMENT '时间',
  `price` decimal(10,2) DEFAULT NULL COMMENT '多钱',
  PRIMARY KEY (`id`),
  KEY `FK_h_huxing_1` (`house_id`)
) ENGINE=InnoDB AUTO_INCREMENT=9 DEFAULT CHARSET=utf8 COMMENT='户型';
/*!40101 SET character_set_client = @saved_cs_client */;

--
-- Dumping data for table `huxing`
--

LOCK TABLES `huxing` WRITE;
/*!40000 ALTER TABLE `huxing` DISABLE KEYS */;
INSERT INTO `huxing` VALUES (6,4,'http://localhost:80/ups/20190531/20190531832.jpg',NULL,NULL,5,'一房一厅一卫+书房1个 ','120','2019-05-31 23:27:31',210.00),(7,4,'http://localhost:80/ups/20190531/20190531832.jpg',NULL,NULL,4,'一房一厅一卫+书房1个 ','120','2019-05-31 23:27:31',210.00),(8,4,'http://localhost:80/ups/20190531/20190531832.jpg',NULL,NULL,3,'一房一厅一卫+书房1个 ','120','2019-05-31 23:27:31',210.00);
/*!40000 ALTER TABLE `huxing` ENABLE KEYS */;
UNLOCK TABLES;

--
-- Table structure for table `pictures`
--

DROP TABLE IF EXISTS `pictures`;
/*!40101 SET @saved_cs_client     = @@character_set_client */;
/*!40101 SET character_set_client = utf8 */;
CREATE TABLE `pictures` (
  `id` bigint(20) unsigned NOT NULL AUTO_INCREMENT COMMENT 'id',
  `house_id` bigint(20) unsigned DEFAULT NULL COMMENT '房产id',
  `dis` varchar(45) DEFAULT NULL COMMENT '描述',
  `path` varchar(200) DEFAULT NULL COMMENT '路径',
  `mime` varchar(45) DEFAULT NULL COMMENT 'mime',
  `orgname` varchar(65) DEFAULT NULL COMMENT '原名字',
  `channel` int(10) unsigned DEFAULT NULL COMMENT '频道',
  `level` int(10) unsigned DEFAULT '9' COMMENT '排序',
  PRIMARY KEY (`id`),
  KEY `FK_pictures_1` (`house_id`)
) ENGINE=InnoDB AUTO_INCREMENT=15 DEFAULT CHARSET=utf8 COMMENT='户产相册';
/*!40101 SET character_set_client = @saved_cs_client */;

--
-- Dumping data for table `pictures`
--

LOCK TABLES `pictures` WRITE;
/*!40000 ALTER TABLE `pictures` DISABLE KEYS */;
INSERT INTO `pictures` VALUES (1,3,'效果1','http://localhost:80/ups/20190518/20190518478.jpg',NULL,NULL,1,6),(4,3,'配套1','http://localhost:80/ups/20190531/20190531658.jpg',NULL,NULL,4,9),(5,4,'效果1','http://localhost:80/ups/20190531/2019053161.jpg',NULL,NULL,1,1),(6,4,'效果2','http://localhost:80/ups/20190531/20190531658.jpg',NULL,NULL,1,2),(7,4,'效果3','http://localhost:80/ups/20190531/20190531639.jpg',NULL,NULL,1,3),(8,4,'实景1','http://localhost:80/ups/20190531/20190531658.jpg',NULL,NULL,2,1),(9,4,'实景2','http://localhost:80/ups/20190531/2019053161.jpg',NULL,NULL,2,2),(10,4,'实景3','http://localhost:80/ups/20190531/20190531658.jpg',NULL,NULL,2,3),(11,4,'样板间1','http://localhost:80/ups/20190531/20190531639.jpg',NULL,NULL,3,1),(12,4,'样板间2','http://localhost:80/ups/20190531/20190531658.jpg',NULL,NULL,3,9),(13,4,'配套1','http://localhost:80/ups/20190531/20190531184.jpg',NULL,NULL,4,9),(14,4,'活动1','http://localhost:80/ups/20190531/20190531901.jpg',NULL,NULL,5,9);
/*!40000 ALTER TABLE `pictures` ENABLE KEYS */;
UNLOCK TABLES;

--
-- Table structure for table `successful`
--

DROP TABLE IF EXISTS `successful`;
/*!40101 SET @saved_cs_client     = @@character_set_client */;
/*!40101 SET character_set_client = utf8 */;
CREATE TABLE `successful` (
  `id` int(10) unsigned NOT NULL AUTO_INCREMENT,
  `name` varchar(45) NOT NULL COMMENT '姓名',
  `house` varchar(65) DEFAULT NULL COMMENT '项目',
  `why` varchar(100) DEFAULT NULL COMMENT '为什么',
  `dis` text COMMENT '描述',
  `pic1` varchar(65) DEFAULT NULL COMMENT '图1北京',
  `pic2` varchar(65) DEFAULT NULL COMMENT '图2头像',
  `level` int(10) unsigned DEFAULT '9',
  PRIMARY KEY (`id`)
) ENGINE=InnoDB AUTO_INCREMENT=11 DEFAULT CHARSET=utf8 COMMENT='成功案例';
/*!40101 SET character_set_client = @saved_cs_client */;

--
-- Dumping data for table `successful`
--

LOCK TABLES `successful` WRITE;
/*!40000 ALTER TABLE `successful` DISABLE KEYS */;
INSERT INTO `successful` VALUES (3,'张雨柔','森林城市','只为成全孩子留美就业小梦想','<p>\r\n	先生经营的传媒公司自成立以来，成长状况非常乐观，并且企业各项缴税金额较低，世通国际专家分析后认为，W先生的公司经营前景非常可观<br />\r\n先生经营的传媒公司自成立以来，成长状况非常乐观，并且企业各项缴税金额较低，世通国际专家分析后认为，W先生的公司经营前景非常可观<br />\r\n先生经营的传媒公司自成立以来，成长状况非常乐观，并且企业各项缴税金额较低，世通国际专家分析后认为，W先生的公司经营前景非常可观先生经营的传媒公司自成立以来，<br />\r\n成长状况非常乐观，并且企业各项缴税金额较低，世通国际专家分析后认为，W先生的公司经营前景非常可观<br />\r\n先生经营的传媒公司自成立以来，成长状况非常乐观，并且企业各项缴税金额较低，世通国际专家分析后认为，W先生的公司经营前景非常可观<br />\r\n先生经营的传媒公司自成立以来，成长状况非常乐观，并且企业各项缴税金额较低，世通国际专家分析后认为，W先生的公司经营前景非常可观<br />\r\n</p>','http://localhost:80/ups/20190529/20190529742.jpg','http://localhost:80/ups/20190529/201905295.png',5),(4,'张先生','森林城市','买房我只选环球优酷','<p style=\"text-align:center;\">\r\n	先生经营的传媒公司自成立以来，成长状况非常乐观，并且企业各项缴税金额较低，世通国际专家分析后认为，W先生的公司经营前景非常可观&nbsp;\r\n</p>\r\n<p style=\"text-align:center;\">\r\n	<br />\r\n</p>\r\n<p style=\"text-align:center;\">\r\n	<br />\r\n</p>\r\n<p style=\"text-align:center;\">\r\n	<img src=\"http://localhost:80/ups/20190529/2019052991.jpg\" alt=\"\" />\r\n</p>','http://localhost:80/ups/20190529/20190529756.jpg','http://localhost:80/ups/20190529/20190529587.jpg',5),(5,'张小柔','森林城市','买房还要理由','<p style=\"text-align:center;\">\r\n	先生经营的传媒公司自成立以来，成长状况非常乐观，并且企业各项缴税金额较低，世通国际专家分析后认为，W先生的公司经营前景非常可观&nbsp;\r\n</p>\r\n<p style=\"text-align:center;\">\r\n	<br />\r\n</p>\r\n<p style=\"text-align:center;\">\r\n	<img src=\"http://api.map.baidu.com/staticimage?center=108.908771%2C34.159122&zoom=17&width=558&height=360&markers=108.908771%2C34.159122&markerStyles=l%2CA\" alt=\"\" />\r\n</p>','http://localhost:80/ups/20190529/20190529530.jpg','http://localhost:80/ups/20190529/2019052951.jpg',7),(10,'南城姐夫','森林城市','买房还要理由','<div style=\"text-align:center;\">\r\n	纵有红颜 百生千劫<br />\r\n难消君心 万古情愁<br />\r\n青峰之巅 山外之山<br />\r\n晚霞寂照 星夜无眠<br />\r\n如幻大千 惊鸿一瞥<br />\r\n一曲终了 悲欣交集<br />\r\n夕阳之间 天外之天<br />\r\n梅花清幽 独立春寒<br />\r\n<br />\r\n</div>','http://localhost:80/ups/20190529/20190529778.jpg','http://localhost:80/ups/20190529/20190529169.jpg',3);
/*!40000 ALTER TABLE `successful` ENABLE KEYS */;
UNLOCK TABLES;

--
-- Table structure for table `travel`
--

DROP TABLE IF EXISTS `travel`;
/*!40101 SET @saved_cs_client     = @@character_set_client */;
/*!40101 SET character_set_client = utf8 */;
CREATE TABLE `travel` (
  `id` int(10) unsigned NOT NULL AUTO_INCREMENT,
  `title` varchar(65) NOT NULL COMMENT '标题',
  `depart` varchar(45) DEFAULT NULL COMMENT '出发时间',
  `city` varchar(45) DEFAULT NULL COMMENT '出发地点',
  `visitcity` varchar(45) DEFAULT NULL COMMENT '访问城市',
  `content` mediumtext COMMENT '内容',
  `issue` int(10) unsigned DEFAULT NULL COMMENT '0启用1作废',
  `ctimes` datetime DEFAULT NULL COMMENT '时间',
  `pic` varchar(100) DEFAULT NULL,
  PRIMARY KEY (`id`)
) ENGINE=InnoDB AUTO_INCREMENT=15 DEFAULT CHARSET=utf8 COMMENT='旅行考察';
/*!40101 SET character_set_client = @saved_cs_client */;

--
-- Dumping data for table `travel`
--

LOCK TABLES `travel` WRITE;
/*!40000 ALTER TABLE `travel` DISABLE KEYS */;
INSERT INTO `travel` VALUES (12,'四天三晚自由行','2019-05-15','西安','南京','<p align=\"center\">\r\n	四天三晚自由行\r\n</p>\r\n<p align=\"center\">\r\n	四天三晚自由行\r\n</p>\r\n<p align=\"center\">\r\n	<img src=\"http://localhost/kindeditor/plugins/emoticons/images/52.gif\" alt=\"\" border=\"0\" />\r\n</p>\r\n<p align=\"center\">\r\n	四天三晚自由行<a href=\"http://localhost/admin/travel?action=edit&amp;id=12\"> </a>\r\n</p>',0,'2019-05-29 16:08:33','http://localhost:80/ups/20190529/20190529695.jpg'),(13,'五天四晚自由行','2019-05-27','西安','布宜诺斯','<p align=\"center\">\r\n	五天四晚\r\n</p>\r\n<p align=\"center\">\r\n	<img src=\"http://localhost:80/ups/20190530/20190530642.jpg\" alt=\"\" title=\"\" width=\"512\" height=\"341\" align=\"\" />\r\n</p>\r\n<p align=\"center\">\r\n	五天四晚\r\n</p>\r\n<p align=\"center\">\r\n	五天四晚\r\n</p>',0,'2019-05-29 16:09:44','http://localhost:80/ups/20190529/20190529497.jpg'),(14,'新马泰4天3晚自由行','2019-06-27','西安','新加坡、马来西亚、泰国','<img src=\"http://localhost:80/ups/20190601/20190601292.jpg\" alt=\"\" />',0,'2019-06-01 10:32:15','http://localhost:80/ups/20190601/20190601901.jpg');
/*!40000 ALTER TABLE `travel` ENABLE KEYS */;
UNLOCK TABLES;

--
-- Table structure for table `video`
--

DROP TABLE IF EXISTS `video`;
/*!40101 SET @saved_cs_client     = @@character_set_client */;
/*!40101 SET character_set_client = utf8 */;
CREATE TABLE `video` (
  `id` bigint(20) unsigned NOT NULL AUTO_INCREMENT COMMENT 'id',
  `house_id` bigint(20) unsigned DEFAULT NULL COMMENT 'house_id',
  `dis` varchar(65) DEFAULT NULL COMMENT '描述',
  `path` varchar(85) DEFAULT NULL COMMENT '新路径',
  `mime` varchar(45) DEFAULT NULL COMMENT 'mime',
  `orgname` varchar(45) DEFAULT NULL COMMENT '原名',
  `links` varchar(45) DEFAULT NULL COMMENT '外链',
  `channel_id` int(10) unsigned DEFAULT NULL COMMENT '是培训还是资讯',
  `code` text,
  `level` int(10) unsigned DEFAULT NULL,
  PRIMARY KEY (`id`),
  KEY `FK_h_video_1` (`house_id`)
) ENGINE=InnoDB DEFAULT CHARSET=utf8;
/*!40101 SET character_set_client = @saved_cs_client */;

--
-- Dumping data for table `video`
--

LOCK TABLES `video` WRITE;
/*!40000 ALTER TABLE `video` DISABLE KEYS */;
/*!40000 ALTER TABLE `video` ENABLE KEYS */;
UNLOCK TABLES;
/*!40103 SET TIME_ZONE=@OLD_TIME_ZONE */;

/*!40101 SET SQL_MODE=@OLD_SQL_MODE */;
/*!40014 SET FOREIGN_KEY_CHECKS=@OLD_FOREIGN_KEY_CHECKS */;
/*!40014 SET UNIQUE_CHECKS=@OLD_UNIQUE_CHECKS */;
/*!40101 SET CHARACTER_SET_CLIENT=@OLD_CHARACTER_SET_CLIENT */;
/*!40101 SET CHARACTER_SET_RESULTS=@OLD_CHARACTER_SET_RESULTS */;
/*!40101 SET COLLATION_CONNECTION=@OLD_COLLATION_CONNECTION */;
/*!40111 SET SQL_NOTES=@OLD_SQL_NOTES */;

-- Dump completed on 2019-06-06 11:59:57
